Date,Cap Weighted Composite_Index
17/02/2010,19.705731682226023
18/02/2010,19.665662707411233
19/02/2010,19.629111157737224
22/02/2010,19.595204812924635
23/02/2010,19.54671602171242
24/02/2010,19.51275533170048
25/02/2010,19.48649844052373
26/02/2010,19.45386928216405
01/03/2010,19.425418756998525
02/03/2010,19.40059427108253
03/03/2010,19.362257969722393
04/03/2010,19.33844659022813
05/03/2010,19.330045475507678
08/03/2010,19.35132320253247
09/03/2010,19.366288508552717
10/03/2010,19.385406921117365
11/03/2010,19.40411752567854
12/03/2010,19.44000920587795
15/03/2010,19.4908626613897
16/03/2010,19.538135069491926
17/03/2010,19.58368198205477
18/03/2010,19.62758699453768
19/03/2010,19.684058083847287
22/03/2010,19.739007886402113
23/03/2010,19.80885286383296
24/03/2010,19.867247820531777
25/03/2010,19.927783680545723
26/03/2010,19.980527372361905
29/03/2010,20.033924751920292
30/03/2010,20.080329323880452
31/03/2010,20.118170323993503
01/04/2010,20.149768626037076
05/04/2010,20.19054711889796
06/04/2010,20.23184445377487
07/04/2010,20.28326999103468
08/04/2010,20.32564141599629
09/04/2010,20.375641483712375
12/04/2010,20.425389414369906
13/04/2010,20.466624550630314
14/04/2010,20.52652270648624
15/04/2010,20.59059168796177
16/04/2010,20.645575528158975
19/04/2010,20.6963890700454
20/04/2010,20.747063068432986
21/04/2010,20.80165601432498
22/04/2010,20.858152739771985
23/04/2010,20.914573759423334
26/04/2010,20.971887804961206
27/04/2010,21.015931746960486
28/04/2010,21.05422255383555
29/04/2010,21.09579597310551
30/04/2010,21.12042641993285
03/05/2010,21.160845358000284
04/05/2010,21.17613915454938
05/05/2010,21.176156580368325
06/05/2010,21.15722177460329
07/05/2010,21.123470557569306
10/05/2010,21.122252948835406
11/05/2010,21.119716367391103
12/05/2010,21.133559823270147
13/05/2010,21.14252276194343
14/05/2010,21.139818171924517
17/05/2010,21.13089708138274
18/05/2010,21.113155289845814
19/05/2010,21.089360783384926
20/05/2010,21.04090937267864
21/05/2010,20.99125687705507
24/05/2010,20.935585808940587
25/05/2010,20.876756571252017
26/05/2010,20.794523938775118
27/05/2010,20.733720292450695
28/05/2010,20.674164030392184
01/06/2010,20.608470368533666
02/06/2010,20.557833674259037
03/06/2010,20.507419877854378
04/06/2010,20.428084464809956
07/06/2010,20.332273801769958
08/06/2010,20.23412813902527
09/06/2010,20.144335805967962
10/06/2010,20.06895345748926
11/06/2010,19.995049842668053
14/06/2010,19.938485672707746
15/06/2010,19.89103842525825
16/06/2010,19.865454114222786
17/06/2010,19.84914694590155
18/06/2010,19.856746307748836
21/06/2010,19.873255430621928
22/06/2010,19.853562591387643
23/06/2010,19.829272059139402
24/06/2010,19.774119456003444
25/06/2010,19.72354622215129
28/06/2010,19.687051272802876
29/06/2010,19.622477228896287
30/06/2010,19.557947227103067
01/07/2010,19.496692982597537
02/07/2010,19.45837781813777
06/07/2010,19.420669319377357
07/07/2010,19.40936970159949
08/07/2010,19.400574954915157
09/07/2010,19.4032579857482
12/07/2010,19.38545568379519
13/07/2010,19.37981237743733
14/07/2010,19.38168643347025
15/07/2010,19.368793818172275
16/07/2010,19.336126745906274
19/07/2010,19.332220441176275
20/07/2010,19.34293591982835
21/07/2010,19.347263524017634
22/07/2010,19.37287478493507
23/07/2010,19.385766166653802
26/07/2010,19.394188954083436
27/07/2010,19.404702995200008
28/07/2010,19.389883265210077
29/07/2010,19.36694093791031
30/07/2010,19.335996737476403
02/08/2010,19.318440703339117
03/08/2010,19.302792265187094
04/08/2010,19.293948303252918
05/08/2010,19.287694036184917
06/08/2010,19.289586878756214
09/08/2010,19.301071649480008
10/08/2010,19.299550069562372
11/08/2010,19.31058999260201
12/08/2010,19.323178421336348
13/08/2010,19.33354526604826
16/08/2010,19.347453688853378
17/08/2010,19.361000107042937
18/08/2010,19.35767648138554
19/08/2010,19.344616487302297
20/08/2010,19.32682425936836
23/08/2010,19.300097841499387
24/08/2010,19.256844163501217
25/08/2010,19.212427366478938
26/08/2010,19.1580939243443
27/08/2010,19.125200329428665
30/08/2010,19.078503823121586
31/08/2010,19.026358541275965
01/09/2010,18.99660694633252
02/09/2010,18.95527132295973
03/09/2010,18.922474961537606
07/09/2010,18.879130479642384
08/09/2010,18.834765534565868
09/09/2010,18.80179893277001
10/09/2010,18.77381929759568
13/09/2010,18.766560720546224
14/09/2010,18.747102234910432
15/09/2010,18.733914040175435
16/09/2010,18.724856501954015
17/09/2010,18.719492544201636
20/09/2010,18.725069889015494
21/09/2010,18.725754944356442
22/09/2010,18.729990880117093
23/09/2010,18.74776063017647
24/09/2010,18.787143640192532
27/09/2010,18.830033479610194
28/09/2010,18.87073845064036
29/09/2010,18.906433047181473
30/09/2010,18.93373852332158
01/10/2010,18.970316139296454
04/10/2010,19.001746234705887
05/10/2010,19.05218213489442
06/10/2010,19.11274776233433
07/10/2010,19.17563443306403
08/10/2010,19.2512696465121
11/10/2010,19.32256555095376
12/10/2010,19.406244852128648
13/10/2010,19.497601495863996
14/10/2010,19.57433218623378
15/10/2010,19.658198063039823
18/10/2010,19.734651310800082
19/10/2010,19.802077552023903
20/10/2010,19.873375271540386
21/10/2010,19.94032336489887
22/10/2010,20.008743978719206
25/10/2010,20.062619774909706
26/10/2010,20.11761629876262
27/10/2010,20.17405740910286
28/10/2010,20.225429263235792
29/10/2010,20.27787157496002
01/11/2010,20.32562789687499
02/11/2010,20.382306005967376
03/11/2010,20.447997862484435
04/11/2010,20.526832545193674
05/11/2010,20.591829436095537
08/11/2010,20.657125077952916
09/11/2010,20.720366510586192
10/11/2010,20.78313716954525
11/11/2010,20.83913220935667
12/11/2010,20.88479393741709
15/11/2010,20.936307862461234
16/11/2010,20.963040316000104
17/11/2010,20.987041933901917
18/11/2010,21.016468504815087
19/11/2010,21.043831677442842
22/11/2010,21.073098225631806
23/11/2010,21.08624111727282
24/11/2010,21.107333757878283
26/11/2010,21.12367458587178
29/11/2010,21.128047333811857
30/11/2010,21.120619173075617
01/12/2010,21.144606168306012
02/12/2010,21.17332120826546
03/12/2010,21.203764074776235
06/12/2010,21.233553750343724
07/12/2010,21.260498153489387
08/12/2010,21.290592411083367
09/12/2010,21.31453233170815
10/12/2010,21.341110687921763
13/12/2010,21.363140023769102
14/12/2010,21.384181506825556
15/12/2010,21.395255418713212
16/12/2010,21.4074143352679
17/12/2010,21.40915371911572
20/12/2010,21.411587367433345
21/12/2010,21.41986603967165
22/12/2010,21.431691126532254
23/12/2010,21.44228553696891
27/12/2010,21.463693760346146
28/12/2010,21.494882625206863
29/12/2010,21.5293156991513
30/12/2010,21.573302451700076
31/12/2010,21.619679694351053
03/01/2011,21.662443794869056
04/01/2011,21.70709260124316
05/01/2011,21.747778361195532
06/01/2011,21.80663737655231
07/01/2011,21.85234133006031
10/01/2011,21.90446768787563
11/01/2011,21.956066830625367
12/01/2011,22.024064606764533
13/01/2011,22.07491898119819
14/01/2011,22.122226003080108
18/01/2011,22.1678426828767
19/01/2011,22.213298313130043
20/01/2011,22.25644106939885
21/01/2011,22.28700438615482
24/01/2011,22.33634305319513
25/01/2011,22.386221572218975
26/01/2011,22.442804776543177
27/01/2011,22.500411549215535
28/01/2011,22.542206762229466
31/01/2011,22.588065046049007
01/02/2011,22.644021386620338
02/02/2011,22.70057692412788
03/02/2011,22.749791944279448
04/02/2011,22.80271475352827
07/02/2011,22.863031507299528
08/02/2011,22.926405365281774
09/02/2011,22.985930805155938
10/02/2011,23.036757413844917
11/02/2011,23.0890386178388
14/02/2011,23.143375773340825
15/02/2011,23.187752540034623
16/02/2011,23.234458037625604
17/02/2011,23.283539577541173
18/02/2011,23.323329134765608
22/02/2011,23.344116623184014
23/02/2011,23.35572123482272
24/02/2011,23.373957901206303
25/02/2011,23.392858287239537
28/02/2011,23.4140766479485
01/03/2011,23.417732334173355
02/03/2011,23.42604737596737
03/03/2011,23.447267608963543
04/03/2011,23.46717653208361
07/03/2011,23.48279504622454
08/03/2011,23.48859049871061
09/03/2011,23.48783431592028
10/03/2011,23.466713611268382
11/03/2011,23.448225195350215
14/03/2011,23.44561272919882
15/03/2011,23.422907573148734
16/03/2011,23.36406320582669
17/03/2011,23.31087338981108
18/03/2011,23.26129467033281
21/03/2011,23.219899372900315
22/03/2011,23.172357317874333
23/03/2011,23.12600135896364
24/03/2011,23.09389569148768
25/03/2011,23.074950625485677
28/03/2011,23.052133475171956
29/03/2011,23.031379906289178
30/03/2011,23.014668326333165
31/03/2011,22.98906507693712
01/04/2011,22.95992488009277
04/04/2011,22.93022623934478
05/04/2011,22.92091086047744
06/04/2011,22.92392782556313
07/04/2011,22.92252470691664
08/04/2011,22.90812479799149
11/04/2011,22.88999585829036
12/04/2011,22.877133133553123
13/04/2011,22.861708530071596
14/04/2011,22.831358453410775
15/04/2011,22.806171306530175
18/04/2011,22.78741674969626
19/04/2011,22.76541393112148
20/04/2011,22.760420436805106
21/04/2011,22.77885436930115
25/04/2011,22.792244999994175
26/04/2011,22.814648267148204
27/04/2011,22.854657685744947
28/04/2011,22.91996182916164
29/04/2011,22.97712493944248
02/05/2011,23.02966769510379
03/05/2011,23.070039117041233
04/05/2011,23.10841900446128
05/05/2011,23.13751458189214
06/05/2011,23.15778310167246
09/05/2011,23.173320136355603
10/05/2011,23.19736495739726
11/05/2011,23.212102045968187
12/05/2011,23.230522386081578
13/05/2011,23.24158616871237
16/05/2011,23.242361619074796
17/05/2011,23.246226052932684
18/05/2011,23.255803973896985
19/05/2011,23.259956093003822
20/05/2011,23.257909293469602
23/05/2011,23.24967554648829
24/05/2011,23.241309093925164
25/05/2011,23.241241979611715
26/05/2011,23.240949419427068
27/05/2011,23.24508813358553
31/05/2011,23.261214245484766
01/06/2011,23.265437676163206
02/06/2011,23.264346377276492
03/06/2011,23.239444973557717
06/06/2011,23.20309182758279
07/06/2011,23.161350382523704
08/06/2011,23.108098162846012
09/06/2011,23.05135470508306
10/06/2011,22.983751829758926
13/06/2011,22.9191566125236
14/06/2011,22.86633563428692
15/06/2011,22.799496644187464
16/06/2011,22.733175017461217
17/06/2011,22.671650431433658
20/06/2011,22.609447971215936
21/06/2011,22.5607206263402
22/06/2011,22.500695473885045
23/06/2011,22.45372832493237
24/06/2011,22.388883811986712
27/06/2011,22.347665372676413
28/06/2011,22.32689509298531
29/06/2011,22.30609141110342
30/06/2011,22.288493392185455
01/07/2011,22.281923555312968
05/07/2011,22.283488210490876
06/07/2011,22.299885872749318
07/07/2011,22.32899726986885
08/07/2011,22.354489178639305
11/07/2011,22.366455207333523
12/07/2011,22.368287291591106
13/07/2011,22.360441560225993
14/07/2011,22.363874320595016
15/07/2011,22.37633836433435
18/07/2011,22.397383994061684
19/07/2011,22.447712774302033
20/07/2011,22.50213485651545
21/07/2011,22.564322771919606
22/07/2011,22.6381799878484
25/07/2011,22.721735397458485
26/07/2011,22.806270453581234
27/07/2011,22.861809643358317
28/07/2011,22.932672148658206
29/07/2011,22.99901991239888
01/08/2011,23.065281143952443
02/08/2011,23.11431374398261
03/08/2011,23.15496485651505
04/08/2011,23.16827096473694
05/08/2011,23.170367758183296
08/08/2011,23.1482047832674
09/08/2011,23.141667280035005
10/08/2011,23.095335830778097
11/08/2011,23.076029971678732
12/08/2011,23.05025284816638
15/08/2011,23.0281725923484
16/08/2011,22.997701074548953
17/08/2011,22.959891574675105
18/08/2011,22.880883271150484
19/08/2011,22.78319827923516
22/08/2011,22.700090484696428
23/08/2011,22.650381522798018
24/08/2011,22.602750055778596
25/08/2011,22.55136690413943
26/08/2011,22.50936008679807
29/08/2011,22.48651621002148
30/08/2011,22.4396089905087
31/08/2011,22.39179070323016
01/09/2011,22.332425289227018
02/09/2011,22.2442481372405
06/09/2011,22.152528491428676
07/09/2011,22.075526831592516
08/09/2011,22.016022487504234
09/09/2011,21.940963405154257
12/09/2011,21.879608613061517
13/09/2011,21.827660903009406
14/09/2011,21.805428206718382
15/09/2011,21.789243028876612
16/09/2011,21.814920224468942
19/09/2011,21.846362354631154
20/09/2011,21.91425718593741
21/09/2011,21.943364703849884
22/09/2011,21.980269204240784
23/09/2011,21.997083604367223
26/09/2011,22.022435989269454
27/09/2011,22.039833517753962
28/09/2011,22.05619095647043
29/09/2011,22.070645764585397
30/09/2011,22.09655297829404
03/10/2011,22.127497133003757
04/10/2011,22.167044573649783
05/10/2011,22.196136492907055
06/10/2011,22.231753650384643
07/10/2011,22.273051988585454
10/10/2011,22.32150568547975
11/10/2011,22.35565121742836
12/10/2011,22.391942649989005
13/10/2011,22.436716532628484
14/10/2011,22.50393719512342
17/10/2011,22.574106540785085
18/10/2011,22.64665247850865
19/10/2011,22.68566667742198
20/10/2011,22.723033897858944
21/10/2011,22.783946145078833
24/10/2011,22.85081113108832
25/10/2011,22.897819206878356
26/10/2011,22.9348896693798
27/10/2011,22.979373727909152
28/10/2011,23.018774009361948
31/10/2011,23.045555109885996
01/11/2011,23.052821009518325
02/11/2011,23.07710944607164
03/11/2011,23.140414887605484
04/11/2011,23.191628761781296
07/11/2011,23.236631235610776
08/11/2011,23.283173349927655
09/11/2011,23.307751754529104
10/11/2011,23.337544377178702
11/11/2011,23.402863439911982
14/11/2011,23.47750172644183
15/11/2011,23.548928602307885
16/11/2011,23.596253887284426
17/11/2011,23.61633398168327
18/11/2011,23.634803325388138
21/11/2011,23.615071336653205
22/11/2011,23.590282246029897
23/11/2011,23.545687512353236
25/11/2011,23.48879912018516
28/11/2011,23.441127346236268
29/11/2011,23.40263948136741
30/11/2011,23.39436624747529
01/12/2011,23.40607443086334
02/12/2011,23.421718964210214
05/12/2011,23.4374184913718
06/12/2011,23.44056565332958
07/12/2011,23.45662739021974
08/12/2011,23.458594415472458
09/12/2011,23.452430414988925
12/12/2011,23.43204206990112
13/12/2011,23.415974565829753
14/12/2011,23.40823497259122
15/12/2011,23.390896279189924
16/12/2011,23.358036805140248
19/12/2011,23.32296422056483
20/12/2011,23.306101869459777
21/12/2011,23.26538210430263
22/12/2011,23.26111880652567
23/12/2011,23.26533850413541
27/12/2011,23.25555702323486
28/12/2011,23.243484399580485
29/12/2011,23.229657680961473
30/12/2011,23.21996502160651
03/01/2012,23.23927014086105
04/01/2012,23.26795919283241
05/01/2012,23.31633182900014
06/01/2012,23.368170288650333
09/01/2012,23.435372558224472
10/01/2012,23.510169858361863
11/01/2012,23.563586465980475
12/01/2012,23.621083522943948
13/01/2012,23.644976263615373
17/01/2012,23.670599059838622
18/01/2012,23.707453309734003
19/01/2012,23.736339261269695
20/01/2012,23.78066481463382
23/01/2012,23.82756271079749
24/01/2012,23.883901044927804
25/01/2012,23.942335908906653
26/01/2012,24.008227498594138
27/01/2012,24.079464203118107
30/01/2012,24.168758987907204
31/01/2012,24.261449564639776
01/02/2012,24.358970349624297
02/02/2012,24.46245195748018
03/02/2012,24.553690511038027
06/02/2012,24.65942181388036
07/02/2012,24.76302278255167
08/02/2012,24.86429894978473
09/02/2012,24.972371911946826
10/02/2012,25.082333935890784
13/02/2012,25.19075054971215
14/02/2012,25.30564265092772
15/02/2012,25.39965663813826
16/02/2012,25.504314872239128
17/02/2012,25.603831206279118
21/02/2012,25.704853163275246
22/02/2012,25.80283529499151
23/02/2012,25.905175391885873
24/02/2012,26.0101950075737
27/02/2012,26.11638205296116
28/02/2012,26.23713398139036
29/02/2012,26.3499497038959
01/03/2012,26.457965384255218
02/03/2012,26.564396130859517
05/03/2012,26.644640703592568
06/03/2012,26.711179386886787
07/03/2012,26.78380659754752
08/03/2012,26.854503201015135
09/03/2012,26.93383376483739
12/03/2012,27.01544818303414
13/03/2012,27.11042306557536
14/03/2012,27.21480939151829
15/03/2012,27.317160561770464
16/03/2012,27.419174035056667
19/03/2012,27.516483857508234
20/03/2012,27.613515850426033
21/03/2012,27.703851397612386
22/03/2012,27.786630738364416
23/03/2012,27.860443259749132
26/03/2012,27.95514626065074
27/03/2012,28.04730840411543
28/03/2012,28.134957457165864
29/03/2012,28.227619171820898
30/03/2012,28.30062526811105
02/04/2012,28.38497841305598
03/04/2012,28.46461426488847
04/04/2012,28.533913016144005
05/04/2012,28.601320563195657
09/04/2012,28.658863347622624
10/04/2012,28.700129199046557
11/04/2012,28.732769563832818
12/04/2012,28.778429341076333
13/04/2012,28.80218107313623
16/04/2012,28.81598502187383
17/04/2012,28.86452512377352
18/04/2012,28.91034685160143
19/04/2012,28.938417634959887
20/04/2012,28.95403257259206
23/04/2012,28.95774521866567
24/04/2012,28.953466423677185
25/04/2012,28.96335252383778
26/04/2012,28.966915759710766
27/04/2012,28.96360423608945
30/04/2012,28.954693739117072
01/05/2012,28.942385120641614
02/05/2012,28.933000518894076
03/05/2012,28.916669693124483
04/05/2012,28.880329926723487
07/05/2012,28.842483586973515
08/05/2012,28.783691075730466
09/05/2012,28.722376116711093
10/05/2012,28.658821558779255
11/05/2012,28.599369935540658
14/05/2012,28.533813746230507
15/05/2012,28.44986443690804
16/05/2012,28.359126089342745
17/05/2012,28.26783211911758
18/05/2012,28.162026936482462
21/05/2012,28.085624504526564
22/05/2012,28.01982569838577
23/05/2012,27.95300198399196
24/05/2012,27.87157090541139
25/05/2012,27.80420181898051
29/05/2012,27.759837230441626
30/05/2012,27.68560119422225
31/05/2012,27.618422581331014
01/06/2012,27.539299985286636
04/06/2012,27.46330754749708
05/06/2012,27.398285979143488
06/06/2012,27.360939621185054
07/06/2012,27.28705546347192
08/06/2012,27.2197650691596
11/06/2012,27.139398107549013
12/06/2012,27.078072530420965
13/06/2012,27.00796635182245
14/06/2012,26.939955438185375
15/06/2012,26.89445808593828
18/06/2012,26.873490401812315
19/06/2012,26.862812270765524
20/06/2012,26.86047809702512
21/06/2012,26.834854637792457
22/06/2012,26.82146315917119
25/06/2012,26.78896128234183
26/06/2012,26.76740424746968
27/06/2012,26.758020337121028
28/06/2012,26.748160552201977
29/06/2012,26.77943404492441
02/07/2012,26.823119892238992
03/07/2012,26.85065780800429
05/07/2012,26.884098079696894
06/07/2012,26.902280935042093
09/07/2012,26.923315299940356
10/07/2012,26.933782888478046
11/07/2012,26.924925457779178
12/07/2012,26.908387247290733
13/07/2012,26.910514063473183
16/07/2012,26.934706646633355
17/07/2012,26.95883647461535
18/07/2012,26.99528320798435
19/07/2012,27.023942131008255
20/07/2012,27.038632357505623
23/07/2012,27.032762041688176
24/07/2012,27.036500105908793
25/07/2012,27.018505487522663
26/07/2012,27.017272208550455
27/07/2012,27.028670180690515
30/07/2012,27.02881969058262
31/07/2012,27.02979275412862
01/08/2012,27.020240533821557
02/08/2012,27.005477190441855
03/08/2012,27.03105922478348
06/08/2012,27.054942464735714
07/08/2012,27.102951515239813
08/08/2012,27.15051299764542
09/08/2012,27.195186899742428
10/08/2012,27.24986246294553
13/08/2012,27.279724653932615
14/08/2012,27.303055789891836
15/08/2012,27.320204693555713
16/08/2012,27.350283660511984
17/08/2012,27.400775047417397
20/08/2012,27.458073470865408
21/08/2012,27.520765223572678
22/08/2012,27.590486086629593
23/08/2012,27.662765306250606
24/08/2012,27.725096606167952
27/08/2012,27.792873181918402
28/08/2012,27.856176822371225
29/08/2012,27.902616933545502
30/08/2012,27.92315589106318
31/08/2012,27.968047957218296
04/09/2012,28.023964573360242
05/09/2012,28.085037253474813
06/09/2012,28.176587693325924
07/09/2012,28.253523195440998
10/09/2012,28.30248641274376
11/09/2012,28.352511180801375
12/09/2012,28.40231902968929
13/09/2012,28.467721675167414
14/09/2012,28.543874758053033
17/09/2012,28.60480930428238
18/09/2012,28.65726314806522
19/09/2012,28.701242866737662
20/09/2012,28.744798001055344
21/09/2012,28.785055512902662
24/09/2012,28.81323626517641
25/09/2012,28.825116419987435
26/09/2012,28.832536151896228
27/09/2012,28.852068254261834
28/09/2012,28.84868287016789
01/10/2012,28.837823991789882
02/10/2012,28.822948276565207
03/10/2012,28.81965966502738
04/10/2012,28.81479432819354
05/10/2012,28.812008996149785
08/10/2012,28.796187174300904
09/10/2012,28.767375737591927
10/10/2012,28.737133481353574
11/10/2012,28.70188362899392
12/10/2012,28.681873747498567
15/10/2012,28.662440068377798
16/10/2012,28.656019610971374
17/10/2012,28.635399723854576
18/10/2012,28.58126284601509
19/10/2012,28.508003703316955
22/10/2012,28.456896327466044
23/10/2012,28.3884773036962
24/10/2012,28.313512099284175
25/10/2012,28.225233449093512
26/10/2012,28.1319295859348
31/10/2012,28.0338455247456
01/11/2012,27.953586351800602
02/11/2012,27.859281682145266
05/11/2012,27.771647446471157
06/11/2012,27.689062448310167
07/11/2012,27.589492246442937
08/11/2012,27.48967580156854
09/11/2012,27.402166213990903
12/11/2012,27.29526029762468
13/11/2012,27.188234595833805
14/11/2012,27.07301252361835
15/11/2012,26.95145669566047
16/11/2012,26.826791635686504
19/11/2012,26.727685730132883
20/11/2012,26.630277437794106
21/11/2012,26.54530273359436
23/11/2012,26.48656999050196
26/11/2012,26.43875654308344
27/11/2012,26.390247496690804
28/11/2012,26.342636977149777
29/11/2012,26.287810073522035
30/11/2012,26.214566631984052
03/12/2012,26.15623754231623
04/12/2012,26.108722131794654
05/12/2012,26.068989515789767
06/12/2012,26.025913755997323
07/12/2012,25.99204905588552
10/12/2012,25.96364915142899
11/12/2012,25.94724048252925
12/12/2012,25.92486456613201
13/12/2012,25.89705033735561
14/12/2012,25.846128691433073
17/12/2012,25.819789474642377
18/12/2012,25.802434240313897
19/12/2012,25.778231201369014
20/12/2012,25.780426072646097
21/12/2012,25.792094197338297
24/12/2012,25.79503009193809
26/12/2012,25.798443283166822
27/12/2012,25.81128492085541
28/12/2012,25.823083487098025
31/12/2012,25.857802610616837
02/01/2013,25.917958706556085
03/01/2013,25.945053328359826
04/01/2013,25.967383417005173
07/01/2013,25.983801818632898
08/01/2013,25.981932376527876
09/01/2013,25.972568674924243
10/01/2013,25.974720801242967
11/01/2013,25.975466964332888
14/01/2013,25.96670669275146
15/01/2013,25.956082856427603
16/01/2013,25.955710484557276
17/01/2013,25.961896746517386
18/01/2013,25.980970467197217
22/01/2013,25.996504882880043
23/01/2013,26.033018668664464
24/01/2013,26.037675339323563
25/01/2013,26.03062418178573
28/01/2013,26.031992340749436
29/01/2013,26.04284091444676
30/01/2013,26.05837537843706
31/01/2013,26.061186802963093
01/02/2013,26.056486758056845
04/02/2013,26.04192356678905
05/02/2013,26.037731241125023
06/02/2013,26.036108596262384
07/02/2013,26.039827851617943
08/02/2013,26.059171966827677
11/02/2013,26.079948329992195
12/02/2013,26.106762643904236
13/02/2013,26.116833641827572
14/02/2013,26.09903901984679
15/02/2013,26.086405391469093
19/02/2013,26.08708013848007
20/02/2013,26.077720588354396
21/02/2013,26.060901010603136
22/02/2013,26.056534193738855
25/02/2013,26.032826306057007
26/02/2013,26.013463993172763
27/02/2013,26.01162246954489
28/02/2013,26.01250318663866
01/03/2013,26.003092727075177
04/03/2013,25.989900155524246
05/03/2013,25.99154492100399
06/03/2013,25.98960977299008
07/03/2013,25.975528206115698
08/03/2013,25.990793728958728
11/03/2013,26.00880315241179
12/03/2013,26.017829783273825
13/03/2013,26.02746648194395
14/03/2013,26.049306906972163
15/03/2013,26.076298842214264
18/03/2013,26.09634962020922
19/03/2013,26.12770497842508
20/03/2013,26.154418079987828
21/03/2013,26.17173841169774
22/03/2013,26.19567177759786
25/03/2013,26.20593789809819
26/03/2013,26.2183447069929
27/03/2013,26.232024238657736
28/03/2013,26.247142652250083
01/04/2013,26.252020019447013
02/04/2013,26.263738122876862
03/04/2013,26.267427437874524
04/04/2013,26.281758658593134
05/04/2013,26.29848142161027
08/04/2013,26.30769555370302
09/04/2013,26.340895513886853
10/04/2013,26.38426712453508
11/04/2013,26.410872493377134
12/04/2013,26.435276017974104
15/04/2013,26.44682929981039
16/04/2013,26.470776600358292
17/04/2013,26.461647009241908
18/04/2013,26.442975148371595
19/04/2013,26.406248231382587
22/04/2013,26.37728965216157
23/04/2013,26.35707674729288
24/04/2013,26.34562686154461
25/04/2013,26.338115165069723
26/04/2013,26.32387367093759
29/04/2013,26.326971207004778
30/04/2013,26.343677521414087
01/05/2013,26.354204779403695
02/05/2013,26.372602244846757
03/05/2013,26.412639816058558
06/05/2013,26.449665625033234
07/05/2013,26.486810066798704
08/05/2013,26.5241316240431
09/05/2013,26.558030498425662
10/05/2013,26.591486624193966
13/05/2013,26.634052092013444
14/05/2013,26.67238337088159
15/05/2013,26.714184310673073
16/05/2013,26.76542216301876
17/05/2013,26.83552301773882
20/05/2013,26.90463954284861
21/05/2013,26.962685527090624
22/05/2013,26.995896720285636
23/05/2013,27.036637224764515
24/05/2013,27.084161999918805
28/05/2013,27.153335052825476
29/05/2013,27.211235978337978
30/05/2013,27.297620532390937
31/05/2013,27.387452065970706
03/06/2013,27.500463543265923
04/06/2013,27.599028410348776
05/06/2013,27.675240094211627
06/06/2013,27.745459698219896
07/06/2013,27.820533049937616
10/06/2013,27.891250040157043
11/06/2013,27.93311067074004
12/06/2013,27.952831193146423
13/06/2013,27.989025767915276
14/06/2013,28.003669520018164
17/06/2013,28.019249704701366
18/06/2013,28.03495970975143
19/06/2013,28.043859984387403
20/06/2013,28.02541127595421
21/06/2013,28.006383185208172
24/06/2013,27.974656715886297
25/06/2013,27.950482682475386
26/06/2013,27.931176128336762
27/06/2013,27.91621273532638
28/06/2013,27.889053900397137
01/07/2013,27.85497212116586
02/07/2013,27.819151566688358
03/07/2013,27.79025450282848
05/07/2013,27.774506772246063
08/07/2013,27.75634830113676
09/07/2013,27.73912635152515
10/07/2013,27.717180144376282
11/07/2013,27.70946180101157
12/07/2013,27.692853208946747
15/07/2013,27.688805316223103
16/07/2013,27.677227344570532
17/07/2013,27.670690928594613
18/07/2013,27.677370240676282
19/07/2013,27.653389615783755
22/07/2013,27.62213190192588
23/07/2013,27.58880575135675
24/07/2013,27.57666998540191
25/07/2013,27.568226252278848
26/07/2013,27.552007063409874
29/07/2013,27.543523340209575
30/07/2013,27.532060426636377
31/07/2013,27.51502399478118
01/08/2013,27.514035139505882
02/08/2013,27.538337046591504
05/08/2013,27.573123874090776
06/08/2013,27.609649836842777
07/08/2013,27.63808228390342
08/08/2013,27.665561034141902
09/08/2013,27.68567113303356
12/08/2013,27.720454899929067
13/08/2013,27.758449409720793
14/08/2013,27.798215254055386
15/08/2013,27.816693533399988
16/08/2013,27.829632099404932
19/08/2013,27.842980262624856
20/08/2013,27.854665866915795
21/08/2013,27.862090415385182
22/08/2013,27.859970075862975
23/08/2013,27.869712157700143
26/08/2013,27.869670542299623
27/08/2013,27.847238267640083
28/08/2013,27.82550522732894
29/08/2013,27.80536443208055
30/08/2013,27.8126709718991
03/09/2013,27.81360367481077
04/09/2013,27.825819887755248
05/09/2013,27.827795155061988
06/09/2013,27.833315123269585
09/09/2013,27.850207930631033
10/09/2013,27.87272621409654
11/09/2013,27.882818044086243
12/09/2013,27.8931679480334
13/09/2013,27.899067049338456
16/09/2013,27.897663812593134
17/09/2013,27.897619862470894
18/09/2013,27.92256167586529
19/09/2013,27.95278425874801
20/09/2013,27.968012174438144
23/09/2013,27.997594104847384
24/09/2013,28.0148271459141
25/09/2013,28.02214280996848
26/09/2013,28.02891426811841
27/09/2013,28.046420627075555
30/09/2013,28.05817572700251
01/10/2013,28.082254871849695
02/10/2013,28.1067364079392
03/10/2013,28.125068901367634
04/10/2013,28.140340351505806
07/10/2013,28.139526818130108
08/10/2013,28.127175971793122
09/10/2013,28.14107690350487
10/10/2013,28.172352371109483
11/10/2013,28.205821596724803
14/10/2013,28.250836370831397
15/10/2013,28.29401466200038
16/10/2013,28.33682040086514
17/10/2013,28.370127422008036
18/10/2013,28.404507855621844
21/10/2013,28.431265807536217
22/10/2013,28.4518314772913
23/10/2013,28.47298986382957
24/10/2013,28.50409357478511
25/10/2013,28.541804250219986
28/10/2013,28.587283440635815
29/10/2013,28.633280931495424
30/10/2013,28.662956337421022
31/10/2013,28.686502588217408
01/11/2013,28.72080920252378
04/11/2013,28.753981145870814
05/11/2013,28.788453531703396
06/11/2013,28.833944386775734
07/11/2013,28.86636632190022
08/11/2013,28.91420873893707
11/11/2013,28.97065482296248
12/11/2013,29.019577432711916
13/11/2013,29.077172019688923
14/11/2013,29.138361869237777
15/11/2013,29.19750261971186
18/11/2013,29.25423227185743
19/11/2013,29.322441307275476
20/11/2013,29.383425989924874
21/11/2013,29.43617436010439
22/11/2013,29.478048006274612
25/11/2013,29.511337505599197
26/11/2013,29.551314838645055
27/11/2013,29.596357554030348
29/11/2013,29.658157864840835
02/12/2013,29.715159942223778
03/12/2013,29.772636423251125
04/12/2013,29.832761098090103
05/12/2013,29.893461801136812
06/12/2013,29.951530083511685
09/12/2013,30.006607499725405
10/12/2013,30.053505678365248
11/12/2013,30.084163801087314
12/12/2013,30.10797130747938
13/12/2013,30.134770660651782
16/12/2013,30.17036371179698
17/12/2013,30.19407651905165
18/12/2013,30.223806800643338
19/12/2013,30.242041683164327
20/12/2013,30.278284818457884
23/12/2013,30.31787916373345
24/12/2013,30.358697500618458
26/12/2013,30.40147863282111
27/12/2013,30.432259130928784
30/12/2013,30.466653484848514
31/12/2013,30.507305871999826
02/01/2014,30.543824654175555
03/01/2014,30.577590622961335
06/01/2014,30.606408665310056
07/01/2014,30.63463094174216
08/01/2014,30.66688676090621
09/01/2014,30.69321844953838
10/01/2014,30.721449018260206
13/01/2014,30.725947009290692
14/01/2014,30.74309495840568
15/01/2014,30.77953390437826
16/01/2014,30.809351916444438
17/01/2014,30.827115314735437
21/01/2014,30.850800757487747
22/01/2014,30.860590492230727
23/01/2014,30.865544638941667
24/01/2014,30.86207940479345
27/01/2014,30.86331142763547
28/01/2014,30.853436895474754
29/01/2014,30.840329872944114
30/01/2014,30.82588262594787
31/01/2014,30.81620421351818
03/02/2014,30.78256377726547
04/02/2014,30.755963065588574
05/02/2014,30.723798368888374
06/02/2014,30.685276212856596
07/02/2014,30.656331179477135
10/02/2014,30.63127090933158
11/02/2014,30.61997618771805
12/02/2014,30.613814479282624
13/02/2014,30.61051336682607
14/02/2014,30.62287698265804
18/02/2014,30.64102688423821
19/02/2014,30.65981460014549
20/02/2014,30.672471321164647
21/02/2014,30.68139211349922
24/02/2014,30.698907927089774
25/02/2014,30.706441251870146
26/02/2014,30.72566431268715
27/02/2014,30.734718365297134
28/02/2014,30.728259425857882
03/03/2014,30.717099193059084
04/03/2014,30.72959117845025
05/03/2014,30.740037812055057
06/03/2014,30.758146707961604
07/03/2014,30.773044611995182
10/03/2014,30.799586531164834
11/03/2014,30.83444906695842
12/03/2014,30.890737271055677
13/03/2014,30.936471773286467
14/03/2014,30.968484156313984
17/03/2014,31.010133720228435
18/03/2014,31.08649862692471
19/03/2014,31.1530158964317
20/03/2014,31.231354735063956
21/03/2014,31.298766700965285
24/03/2014,31.356474208775747
25/03/2014,31.419665890828004
26/03/2014,31.460183260535153
27/03/2014,31.487024940303513
28/03/2014,31.51095968094374
31/03/2014,31.544567031076472
01/04/2014,31.591098454743506
02/04/2014,31.641977178910064
03/04/2014,31.682409680793427
04/04/2014,31.70835813439323
07/04/2014,31.728871470778323
08/04/2014,31.759094771828444
09/04/2014,31.804248387352416
10/04/2014,31.81717796117562
11/04/2014,31.82176894834473
14/04/2014,31.841575783014473
15/04/2014,31.851057300785584
16/04/2014,31.865823834773785
17/04/2014,31.877969735503168
21/04/2014,31.90231284276497
22/04/2014,31.932173345257308
23/04/2014,31.953199005865898
24/04/2014,31.99062325796262
25/04/2014,32.032522461536644
28/04/2014,32.098442716142
29/04/2014,32.156449106609806
30/04/2014,32.202411211997735
01/05/2014,32.24614051643032
02/05/2014,32.27308975616909
05/05/2014,32.3061285542538
06/05/2014,32.32545680489461
07/05/2014,32.330953163212854
08/05/2014,32.34864844369967
09/05/2014,32.37410007648543
12/05/2014,32.40716260959042
13/05/2014,32.42735304692207
14/05/2014,32.42849066152548
15/05/2014,32.420800615582905
16/05/2014,32.43050054094031
19/05/2014,32.46580116264849
20/05/2014,32.49917545535858
21/05/2014,32.536999842990895
22/05/2014,32.55892200439936
23/05/2014,32.61076154691254
27/05/2014,32.68011822696015
28/05/2014,32.736529420650186
29/05/2014,32.79957610975803
30/05/2014,32.860218206378285
02/06/2014,32.92209053210648
03/06/2014,32.975256159615824
04/06/2014,33.029411459443125
05/06/2014,33.102615892632706
06/06/2014,33.16182880787586
09/06/2014,33.23436568724452
10/06/2014,33.29033153087296
11/06/2014,33.34019491074041
12/06/2014,33.37582314017754
13/06/2014,33.42737774115076
16/06/2014,33.48789044412028
17/06/2014,33.547663721239324
18/06/2014,33.62408781463931
19/06/2014,33.69727649199066
20/06/2014,33.7642952842399
23/06/2014,33.83376709090654
24/06/2014,33.88339510067458
25/06/2014,33.935078326528284
26/06/2014,33.99202173213116
27/06/2014,34.0673208684203
30/06/2014,34.13619655308521
01/07/2014,34.21222048948152
02/07/2014,34.29708255834361
03/07/2014,34.377839633876064
07/07/2014,34.46285978928143
08/07/2014,34.53237675354652
09/07/2014,34.595520296740126
10/07/2014,34.66084916244263
11/07/2014,34.721697691952194
14/07/2014,34.789726895024316
15/07/2014,34.85500571104282
16/07/2014,34.93904429478084
17/07/2014,35.006639999151446
18/07/2014,35.06930499852209
21/07/2014,35.123633302177616
22/07/2014,35.184100687147385
23/07/2014,35.24733653096246
24/07/2014,35.313407550412265
25/07/2014,35.388870780201614
28/07/2014,35.45800682133234
29/07/2014,35.51563820823468
30/07/2014,35.57013259402307
31/07/2014,35.594956037072556
01/08/2014,35.62006247031872
04/08/2014,35.6556661040839
05/08/2014,35.67867514691809
06/08/2014,35.70289633283236
07/08/2014,35.719066920464
08/08/2014,35.74265696821379
11/08/2014,35.76625328249873
12/08/2014,35.78739129838161
13/08/2014,35.807791132086024
14/08/2014,35.825610781373584
15/08/2014,35.84547675158286
18/08/2014,35.873219413523536
19/08/2014,35.91755304405777
20/08/2014,35.95821042080696
21/08/2014,36.006732671942316
22/08/2014,36.05123290783972
25/08/2014,36.086864014630464
26/08/2014,36.12544501621477
27/08/2014,36.14693530869989
28/08/2014,36.17934418214391
29/08/2014,36.21103736745761
02/09/2014,36.242711750249974
03/09/2014,36.25178001268192
04/09/2014,36.254799160660895
05/09/2014,36.26704317314768
08/09/2014,36.28090297908568
09/09/2014,36.28812801896999
10/09/2014,36.312900754430515
11/09/2014,36.34229894824204
12/09/2014,36.38846605755165
15/09/2014,36.43098191035745
16/09/2014,36.47536692632958
17/09/2014,36.53011802157791
18/09/2014,36.59580895532236
19/09/2014,36.66266258094642
22/09/2014,36.716761666903224
23/09/2014,36.76159730424638
24/09/2014,36.81240272954951
25/09/2014,36.8214160210509
26/09/2014,36.84838746206593
29/09/2014,36.868381897095695
30/09/2014,36.877643590219996
01/10/2014,36.85850127386267
02/10/2014,36.840556715922354
03/10/2014,36.82314136703629
06/10/2014,36.802764259133966
07/10/2014,36.76407359502726
08/10/2014,36.75164905416552
09/10/2014,36.71766068583999
10/10/2014,36.653088902823754
13/10/2014,36.56675043596771
14/10/2014,36.48265239253564
15/10/2014,36.403121839233215
16/10/2014,36.319121825383945
17/10/2014,36.243276397795796
20/10/2014,36.16431029968805
21/10/2014,36.108645288238776
22/10/2014,36.032113545620994
23/10/2014,35.96808491373028
24/10/2014,35.9229103432619
27/10/2014,35.884743868521724
28/10/2014,35.855758110506606
29/10/2014,35.830287733430644
30/10/2014,35.791087388637685
31/10/2014,35.77719724782427
03/11/2014,35.77952067933127
04/11/2014,35.78133823004073
05/11/2014,35.779361729023655
06/11/2014,35.80868780036256
07/11/2014,35.81995992671919
10/11/2014,35.83502176081173
11/11/2014,35.85163700375346
12/11/2014,35.88953409444247
13/11/2014,35.93970473503467
14/11/2014,35.991008902266636
17/11/2014,36.042139373294745
18/11/2014,36.114188701906485
19/11/2014,36.15338040616009
20/11/2014,36.22310792178954
21/11/2014,36.325067960257705
24/11/2014,36.45320442862838
25/11/2014,36.57831657568619
26/11/2014,36.72081572130641
28/11/2014,36.87414331470501
01/12/2014,36.99781534324556
02/12/2014,37.12657424904243
03/12/2014,37.24377613416081
04/12/2014,37.37078206786937
05/12/2014,37.479051770145524
08/12/2014,37.555247791414054
09/12/2014,37.63844546624838
10/12/2014,37.68367225579824
11/12/2014,37.728748243816995
12/12/2014,37.765966440259
15/12/2014,37.76846616241646
16/12/2014,37.7430387434963
17/12/2014,37.74123824102198
18/12/2014,37.7771286633831
19/12/2014,37.80909521058947
22/12/2014,37.854370128193715
23/12/2014,37.899742771984705
24/12/2014,37.94000997059346
26/12/2014,37.98403306040075
29/12/2014,38.009807907337816
30/12/2014,38.016350261183845
31/12/2014,38.01121648764414
02/01/2015,38.0008314933588
05/01/2015,37.97507593225733
06/01/2015,37.9221633945763
07/01/2015,37.87861766596667
08/01/2015,37.85835113165709
09/01/2015,37.840739427393764
12/01/2015,37.792749178432175
13/01/2015,37.739730613661685
14/01/2015,37.6915764057887
15/01/2015,37.622832647261035
16/01/2015,37.55599949351703
20/01/2015,37.49952025150205
21/01/2015,37.44347240227018
22/01/2015,37.43255187336491
23/01/2015,37.4148708962476
26/01/2015,37.414833331334734
27/01/2015,37.361912353247675
28/01/2015,37.328236688555236
29/01/2015,37.33372912699775
30/01/2015,37.3289693840708
02/02/2015,37.31700640805646
03/02/2015,37.277412329580145
04/02/2015,37.24201366239081
05/02/2015,37.20534278221716
06/02/2015,37.156262083454735
09/02/2015,37.10960835689846
10/02/2015,37.079828458690656
11/02/2015,37.0625191125444
12/02/2015,37.07637867128298
13/02/2015,37.11566135871983
17/02/2015,37.160313202663225
18/02/2015,37.23187634040553
19/02/2015,37.32053782457723
20/02/2015,37.40736323494718
23/02/2015,37.46856144940907
24/02/2015,37.53116313860975
25/02/2015,37.59726328961964
26/02/2015,37.66962979805329
27/02/2015,37.741465334090556
02/03/2015,37.83990274901533
03/03/2015,37.917879766901514
04/03/2015,37.975731673883594
05/03/2015,38.03131274420718
06/03/2015,38.04595560462732
09/03/2015,38.06868742500725
10/03/2015,38.068287468129085
11/03/2015,38.109042430461805
12/03/2015,38.14774560559636
13/03/2015,38.157401878821446
16/03/2015,38.209054536381345
17/03/2015,38.25037873365517
18/03/2015,38.29301788283204
19/03/2015,38.329192468945735
20/03/2015,38.359881961900854
23/03/2015,38.40221708111843
24/03/2015,38.437941274364306
25/03/2015,38.41289397883886
26/03/2015,38.38302835718084
27/03/2015,38.333911697302185
30/03/2015,38.29109246150187
31/03/2015,38.2315064636599
01/04/2015,38.164908483027595
02/04/2015,38.098546710523564
06/04/2015,38.041642448507226
07/04/2015,37.97180463683235
08/04/2015,37.900947203753894
09/04/2015,37.85489267601447
10/04/2015,37.81143612819432
13/04/2015,37.77244193428582
14/04/2015,37.72023344778551
15/04/2015,37.695053312376196
16/04/2015,37.67343488969366
17/04/2015,37.63953351400256
20/04/2015,37.647906347224676
21/04/2015,37.64315756149008
22/04/2015,37.6782196917007
23/04/2015,37.72934950583237
24/04/2015,37.80014693756105
27/04/2015,37.884625624192914
28/04/2015,37.95941869868226
29/04/2015,38.02192577275501
30/04/2015,38.04856398262319
01/05/2015,38.101695659452815
04/05/2015,38.14492850784583
05/05/2015,38.1631076014734
06/05/2015,38.17282831659026
07/05/2015,38.22528639088134
08/05/2015,38.296551375537845
11/05/2015,38.35961634408306
12/05/2015,38.39935048805481
13/05/2015,38.459102480618654
14/05/2015,38.54356570154919
15/05/2015,38.62218182657848
18/05/2015,38.68880732254514
19/05/2015,38.7558967280176
20/05/2015,38.82511583833748
21/05/2015,38.89176725828011
22/05/2015,38.9504429284549
26/05/2015,38.99413414204504
27/05/2015,39.06595608811404
28/05/2015,39.122172563020804
29/05/2015,39.17084986134833
01/06/2015,39.24076294172542
02/06/2015,39.276151053677324
03/06/2015,39.31510779534712
04/06/2015,39.32901120034268
05/06/2015,39.329562663210666
08/06/2015,39.29361038978064
09/06/2015,39.24420880627093
10/06/2015,39.21166551711753
11/06/2015,39.18506477598358
12/06/2015,39.168058461215956
15/06/2015,39.120886689604795
16/06/2015,39.08498718860814
17/06/2015,39.07270296170032
18/06/2015,39.085783451951976
19/06/2015,39.08308054994057
22/06/2015,39.068788065218435
23/06/2015,39.057908356990325
24/06/2015,39.04936256616423
25/06/2015,39.03026941221709
26/06/2015,38.97228341710938
29/06/2015,38.89356741391873
30/06/2015,38.80952913465845
01/07/2015,38.737932214002385
02/07/2015,38.66683622192377
06/07/2015,38.5844431872797
07/07/2015,38.50013847449961
08/07/2015,38.41495627721936
09/07/2015,38.298151919972256
10/07/2015,38.19839744539983
13/07/2015,38.13149405619588
14/07/2015,38.0639364641138
15/07/2015,38.00686413960931
16/07/2015,37.96486408187093
17/07/2015,37.938444760702545
20/07/2015,37.925261069796186
21/07/2015,37.91036189113595
22/07/2015,37.86374805391029
23/07/2015,37.80349953323697
24/07/2015,37.735969029183984
27/07/2015,37.668426974356876
28/07/2015,37.61915008589539
29/07/2015,37.5682818394604
30/07/2015,37.521247411826344
31/07/2015,37.46041736717288
03/08/2015,37.39879193387973
04/08/2015,37.31711652454644
05/08/2015,37.24718165611509
06/08/2015,37.16880580871382
07/08/2015,37.094798408972
10/08/2015,37.06357605695285
11/08/2015,37.023418055727404
12/08/2015,36.99285060808795
13/08/2015,36.94992852437584
14/08/2015,36.911654845366705
17/08/2015,36.88881638319358
18/08/2015,36.86059944041915
19/08/2015,36.8362231780648
20/08/2015,36.79246976185489
21/08/2015,36.681552320186356
24/08/2015,36.51568655018213
25/08/2015,36.333741359407895
26/08/2015,36.20144592643953
27/08/2015,36.08348378859772
28/08/2015,35.967412675570884
31/08/2015,35.83956555553163
01/09/2015,35.68486311786752
02/09/2015,35.59800907892662
03/09/2015,35.50440504554148
04/09/2015,35.4022924926702
08/09/2015,35.34843662941233
09/09/2015,35.26318367327887
10/09/2015,35.18378808531251
11/09/2015,35.10736342860836
14/09/2015,35.033190567793326
15/09/2015,34.985121932363576
16/09/2015,34.95442682185431
17/09/2015,34.902823773086645
18/09/2015,34.84719228423369
21/09/2015,34.804033582755956
22/09/2015,34.720202566522104
23/09/2015,34.67137309278646
24/09/2015,34.61449198962494
25/09/2015,34.56290865369279
28/09/2015,34.482961968339986
29/09/2015,34.386382575527975
30/09/2015,34.32301038119321
01/10/2015,34.27204153341853
02/10/2015,34.26376817634758
05/10/2015,34.32907915112184
06/10/2015,34.434231723897966
07/10/2015,34.551624091024046
08/10/2015,34.622253233206024
09/10/2015,34.67082651912091
12/10/2015,34.710786994954134
13/10/2015,34.751201147313125
14/10/2015,34.83393726345365
15/10/2015,34.893730693815044
16/10/2015,34.954843813191395
19/10/2015,35.03684319194492
20/10/2015,35.074264809046745
21/10/2015,35.12883203302826
22/10/2015,35.19810534334586
23/10/2015,35.29990632687606
26/10/2015,35.39424955666697
27/10/2015,35.46173889556207
28/10/2015,35.54681324374422
29/10/2015,35.63963880028613
30/10/2015,35.7411068404989
02/11/2015,35.843786920715246
03/11/2015,35.97560547643848
04/11/2015,36.10348365229105
05/11/2015,36.22206774679487
06/11/2015,36.3419418879411
09/11/2015,36.469411059727946
10/11/2015,36.587049424071935
11/11/2015,36.67680070613992
12/11/2015,36.76017851430975
13/11/2015,36.80520173019863
16/11/2015,36.844192970962375
17/11/2015,36.87613339492892
18/11/2015,36.933444191426815
19/11/2015,36.99383494129527
20/11/2015,37.05412193286193
23/11/2015,37.11058311825751
24/11/2015,37.178428366304615
25/11/2015,37.23818576259964
27/11/2015,37.28983782620678
30/11/2015,37.346216366572285
01/12/2015,37.40778835854074
02/12/2015,37.4675047027231
03/12/2015,37.513806641512105
04/12/2015,37.5649609224211
07/12/2015,37.56624228245396
08/12/2015,37.575767093892345
09/12/2015,37.578175148836486
10/12/2015,37.560557493779314
11/12/2015,37.526412909769654
14/12/2015,37.50533644433131
15/12/2015,37.47264544129598
16/12/2015,37.43975209351187
17/12/2015,37.388725117159396
18/12/2015,37.31638249055855
21/12/2015,37.25452238263571
22/12/2015,37.21691783512131
23/12/2015,37.20863409608961
24/12/2015,37.20067864590013
28/12/2015,37.19760366139691
29/12/2015,37.23472160422184
30/12/2015,37.24451106758355
31/12/2015,37.23720399992373
04/01/2016,37.19266578719847
05/01/2016,37.13150899160246
06/01/2016,37.04352950258493
07/01/2016,36.92616187776364
08/01/2016,36.79545807337378
11/01/2016,36.68315855424339
12/01/2016,36.57917976426968
13/01/2016,36.44111662703024
14/01/2016,36.31642117676044
15/01/2016,36.16464174127305
19/01/2016,36.02331781527368
20/01/2016,35.840086631622555
21/01/2016,35.66743632614498
22/01/2016,35.526906032834106
25/01/2016,35.3902297320884
26/01/2016,35.259215779963164
27/01/2016,35.118557830176194
28/01/2016,34.98029358763311
29/01/2016,34.88413223894426
01/02/2016,34.76889931582873
02/02/2016,34.64562050327809
03/02/2016,34.55592554041437
04/02/2016,34.45979898945514
05/02/2016,34.320583329502
08/02/2016,34.15857391132372
09/02/2016,33.99134068697854
10/02/2016,33.82432673981668
11/02/2016,33.636750943433185
12/02/2016,33.4744581682435
16/02/2016,33.35404856452505
17/02/2016,33.2713472114711
18/02/2016,33.1929470488384
19/02/2016,33.13301224865725
22/02/2016,33.12468966266671
23/02/2016,33.09983673211912
24/02/2016,33.074794636780204
25/02/2016,33.054268380257916
26/02/2016,33.05561015735263
29/02/2016,33.02790757587501
01/03/2016,33.07360773929031
02/03/2016,33.132536661697145
03/03/2016,33.203240752024875
04/03/2016,33.274943490466136
07/03/2016,33.31189805278429
08/03/2016,33.35673465554365
09/03/2016,33.403745093267105
10/03/2016,33.478912023584655
11/03/2016,33.56511487495697
14/03/2016,33.607436028527026
15/03/2016,33.66208000518279
16/03/2016,33.76123407902377
17/03/2016,33.8644063967276
18/03/2016,33.96488310178867
21/03/2016,34.100559023577866
22/03/2016,34.25105726624208
23/03/2016,34.397158052870445
24/03/2016,34.5509271149689
28/03/2016,34.70341260344753
29/03/2016,34.860365324935415
30/03/2016,35.00418042987291
31/03/2016,35.12414911406744
01/04/2016,35.25695770548301
04/04/2016,35.391048024063906
05/04/2016,35.49521501544646
06/04/2016,35.63300562982981
07/04/2016,35.7405262931374
08/04/2016,35.836996530016044
11/04/2016,35.93879641275564
12/04/2016,36.055862148067206
13/04/2016,36.154502567294756
14/04/2016,36.24322285644944
15/04/2016,36.32385194305769
18/04/2016,36.40363820325039
19/04/2016,36.47430018331422
20/04/2016,36.55455000681773
21/04/2016,36.62230757052562
22/04/2016,36.672234854210785
25/04/2016,36.70199164974873
26/04/2016,36.72897176807766
27/04/2016,36.72933219813736
28/04/2016,36.687525164727916
29/04/2016,36.623630157090425
02/05/2016,36.56171908657915
03/05/2016,36.49049650883548
04/05/2016,36.40829651665333
05/05/2016,36.33764350905754
06/05/2016,36.26642291632465
09/05/2016,36.19794253976938
10/05/2016,36.12586224457798
11/05/2016,36.03791888777467
12/05/2016,35.94096329098901
13/05/2016,35.830710885702665
16/05/2016,35.74293199091584
17/05/2016,35.65696219236363
18/05/2016,35.567162214162394
19/05/2016,35.48926318374359
20/05/2016,35.42466170977758
23/05/2016,35.362257690236355
24/05/2016,35.317429808207095
25/05/2016,35.2700678191979
26/05/2016,35.229595587789156
27/05/2016,35.20189248840405
31/05/2016,35.17681870400666
01/06/2016,35.15976633994652
02/06/2016,35.136762935975995
03/06/2016,35.108466880686045
06/06/2016,35.10716996261808
07/06/2016,35.10971520447517
08/06/2016,35.114755786890385
09/06/2016,35.137470321454224
10/06/2016,35.17769359401338
13/06/2016,35.21664958444636
14/06/2016,35.24916325249177
15/06/2016,35.28453080165314
16/06/2016,35.33471274738539
17/06/2016,35.37853839968524
20/06/2016,35.42507702358626
21/06/2016,35.487478329259346
22/06/2016,35.522718333324235
23/06/2016,35.58484937665018
24/06/2016,35.603872638926894
27/06/2016,35.598921927058456
28/06/2016,35.594886741682615
29/06/2016,35.62522133171013
30/06/2016,35.667940660045396
01/07/2016,35.717280077098664
05/07/2016,35.74031961390858
06/07/2016,35.767778516009294
07/07/2016,35.774304768970346
08/07/2016,35.78440167763866
11/07/2016,35.79580464961486
12/07/2016,35.81413366092748
13/07/2016,35.83051704568129
14/07/2016,35.863366870468106
15/07/2016,35.899818795710004
18/07/2016,35.949415401547526
19/07/2016,35.98693803206588
20/07/2016,36.043645243158245
21/07/2016,36.08859142056638
22/07/2016,36.144395850029795
25/07/2016,36.21034401921262
26/07/2016,36.29749320778407
27/07/2016,36.40033240963971
28/07/2016,36.51090225058461
29/07/2016,36.610627766142166
01/08/2016,36.722820858872375
02/08/2016,36.81699647752659
03/08/2016,36.90482959684275
04/08/2016,37.010410047288666
05/08/2016,37.11264617216137
08/08/2016,37.2663320021581
09/08/2016,37.449882344530494
10/08/2016,37.60377127219499
11/08/2016,37.74271206070769
12/08/2016,37.8595687515513
15/08/2016,37.98877409408318
16/08/2016,38.120594058795604
17/08/2016,38.24340457113235
18/08/2016,38.365220424752614
19/08/2016,38.47327540518046
22/08/2016,38.572584011300656
23/08/2016,38.663343486749646
24/08/2016,38.74450050609165
25/08/2016,38.81574172335062
26/08/2016,38.887371238333344
29/08/2016,38.95566898100799
30/08/2016,39.02500287891524
31/08/2016,39.069316380119595
01/09/2016,39.13045623924298
02/09/2016,39.188102789001746
06/09/2016,39.24655200372553
07/09/2016,39.301669346089454
08/09/2016,39.324357418452536
09/09/2016,39.31280689003448
12/09/2016,39.32686372190768
13/09/2016,39.331139009849394
14/09/2016,39.35833541927311
15/09/2016,39.40543075372566
16/09/2016,39.440351782439656
19/09/2016,39.45347654869796
20/09/2016,39.4644665574786
21/09/2016,39.49112687533106
22/09/2016,39.53065411580793
23/09/2016,39.55188738104672
26/09/2016,39.568519265041495
27/09/2016,39.592938941510894
28/09/2016,39.6291213740021
29/09/2016,39.656661400583964
30/09/2016,39.68989476242227
03/10/2016,39.7129413360307
04/10/2016,39.737484811026995
05/10/2016,39.76342100118325
06/10/2016,39.80042557153849
07/10/2016,39.83457043108404
10/10/2016,39.87807426361065
11/10/2016,39.90122510676987
12/10/2016,39.930696152815855
13/10/2016,39.95714543493399
14/10/2016,39.98678984445046
17/10/2016,40.00713767964469
18/10/2016,40.0279742032916
19/10/2016,40.03943260863367
20/10/2016,40.06791398259587
21/10/2016,40.13364696904418
24/10/2016,40.19603217389403
25/10/2016,40.26356104829846
26/10/2016,40.31124599854959
27/10/2016,40.32520257919077
28/10/2016,40.33999232062343
31/10/2016,40.361461686087694
01/11/2016,40.37103572317915
02/11/2016,40.35586672187047
03/11/2016,40.32755750362563
04/11/2016,40.30444310042531
07/11/2016,40.31933250080561
08/11/2016,40.31914224023171
09/11/2016,40.311650819680786
10/11/2016,40.29536402242521
11/11/2016,40.28005710293225
14/11/2016,40.25317437811368
15/11/2016,40.243609025096234
16/11/2016,40.244670490184596
17/11/2016,40.25378458101745
18/11/2016,40.264979982292225
21/11/2016,40.28176988183861
22/11/2016,40.31929871437588
23/11/2016,40.347536800566374
25/11/2016,40.38919834130355
28/11/2016,40.42279460792142
29/11/2016,40.46085280009771
30/11/2016,40.483314967089825
01/12/2016,40.48031414078781
02/12/2016,40.483390916170045
05/12/2016,40.48646950416703
06/12/2016,40.47842971273024
07/12/2016,40.49779149758449
08/12/2016,40.53217618714256
09/12/2016,40.58424105057447
12/12/2016,40.63878539701847
13/12/2016,40.71038638504967
14/12/2016,40.79139622965138
15/12/2016,40.883822377848475
16/12/2016,40.973516652423655
19/12/2016,41.08523465723485
20/12/2016,41.171635553742284
21/12/2016,41.253939478901216
22/12/2016,41.339776949441465
23/12/2016,41.445153701535
27/12/2016,41.54648469526732
28/12/2016,41.65353147566015
29/12/2016,41.74408693493948
30/12/2016,41.80475979889961
03/01/2017,41.863053350079994
04/01/2017,41.92135509074071
05/01/2017,41.96583323212255
06/01/2017,42.01770502400349
09/01/2017,42.08162968615607
10/01/2017,42.135713896147706
11/01/2017,42.199594579845005
12/01/2017,42.2542175695685
13/01/2017,42.32215107190044
17/01/2017,42.4187320457784
18/01/2017,42.51209508835732
19/01/2017,42.59541605288946
20/01/2017,42.68257606322869
23/01/2017,42.74408299462326
24/01/2017,42.8207741872559
25/01/2017,42.90243371764615
26/01/2017,42.98632167386592
27/01/2017,43.06311095733996
30/01/2017,43.134535653764985
31/01/2017,43.19107951596697
01/02/2017,43.28156468940226
02/02/2017,43.357056337577134
03/02/2017,43.43590301316317
06/02/2017,43.521018488479754
07/02/2017,43.610745633585466
08/02/2017,43.700264288344506
09/02/2017,43.78916822371798
10/02/2017,43.88982526189858
13/02/2017,44.0037062077249
14/02/2017,44.13438070974762
15/02/2017,44.2635386863511
16/02/2017,44.39261232123785
17/02/2017,44.52505868019527
21/02/2017,44.65441352180278
22/02/2017,44.7809479946348
23/02/2017,44.909891235081936
24/02/2017,45.03005396590602
27/02/2017,45.15832102283917
28/02/2017,45.281095243605655
01/03/2017,45.43218022625582
02/03/2017,45.56668668460633
03/03/2017,45.70692321628704
06/03/2017,45.83427472899274
07/03/2017,45.960518898429946
08/03/2017,46.06633597351781
09/03/2017,46.151146964005356
10/03/2017,46.2443928280618
13/03/2017,46.32508094614393
14/03/2017,46.411208758288325
15/03/2017,46.51804129728202
16/03/2017,46.605438720302054
17/03/2017,46.694628914399466
20/03/2017,46.7817648336407
21/03/2017,46.84217234810098
22/03/2017,46.91283470416949
23/03/2017,46.98216802681585
24/03/2017,47.04841088974178
27/03/2017,47.11698803808871
28/03/2017,47.18633364511149
29/03/2017,47.25322784123985
30/03/2017,47.31723093655985
31/03/2017,47.382468161876574
03/04/2017,47.44101056643536
04/04/2017,47.49492197667932
05/04/2017,47.539301172832886
06/04/2017,47.58179225529268
07/04/2017,47.62221475509376
10/04/2017,47.656299718377724
11/04/2017,47.687993276023015
12/04/2017,47.688284213542296
13/04/2017,47.69369317044117
17/04/2017,47.70943403688119
18/04/2017,47.72457925194164
19/04/2017,47.72722271423283
20/04/2017,47.745964094694486
21/04/2017,47.76867717381707
24/04/2017,47.800338068206806
25/04/2017,47.84223264526932
26/04/2017,47.88022718301291
27/04/2017,47.916970589513824
28/04/2017,47.94442799914373
01/05/2017,47.98749589364838
02/05/2017,48.017726197879995
03/05/2017,48.06736938997545
04/05/2017,48.09741172106173
05/05/2017,48.13618304020455
08/05/2017,48.18100190331049
09/05/2017,48.22762074531886
10/05/2017,48.26369794974489
11/05/2017,48.294615009403195
12/05/2017,48.32733064287211
15/05/2017,48.36352358540917
16/05/2017,48.41600328125066
17/05/2017,48.411455116422125
18/05/2017,48.42381934638117
19/05/2017,48.44651701050959
22/05/2017,48.48260467125718
23/05/2017,48.52526490771992
24/05/2017,48.57949990038202
25/05/2017,48.650711125116956
26/05/2017,48.731834797330386
30/05/2017,48.80692873467964
31/05/2017,48.878741931331426
01/06/2017,48.963227816212026
02/06/2017,49.05064797531924
05/06/2017,49.13727050616617
06/06/2017,49.21086062334609
07/06/2017,49.27960575940892
08/06/2017,49.357064894881276
09/06/2017,49.377700003386735
12/06/2017,49.389731807726264
13/06/2017,49.39748384394607
14/06/2017,49.397335950385916
15/06/2017,49.39018041423657
16/06/2017,49.38143545864645
19/06/2017,49.39542014599863
20/06/2017,49.38841325345389
21/06/2017,49.39053920989727
22/06/2017,49.39455425033886
23/06/2017,49.413975429557176
26/06/2017,49.42078420695248
27/06/2017,49.39636317814807
28/06/2017,49.37591113492864
29/06/2017,49.38010322791222
30/06/2017,49.3748055171432
03/07/2017,49.34831314474694
05/07/2017,49.32511639803617
06/07/2017,49.28827595868261
07/07/2017,49.26619525050783
10/07/2017,49.24422314539865
11/07/2017,49.22786570221073
12/07/2017,49.2207264451396
13/07/2017,49.22428777502004
14/07/2017,49.24417930063057
17/07/2017,49.246951117357185
18/07/2017,49.25600460117851
19/07/2017,49.262718920194146
20/07/2017,49.26750483352066
21/07/2017,49.26509849782782
24/07/2017,49.313494548065016
25/07/2017,49.37835489800007
26/07/2017,49.43572244839402
27/07/2017,49.48309631161327
28/07/2017,49.52805934038065
31/07/2017,49.57036927405171
01/08/2017,49.592179202085966
02/08/2017,49.64202613405976
03/08/2017,49.6716582147402
04/08/2017,49.701002510697556
07/08/2017,49.72817880672038
08/08/2017,49.76367331168675
09/08/2017,49.82532694486985
10/08/2017,49.829900044586836
11/08/2017,49.88151213653585
14/08/2017,49.96043045387899
15/08/2017,50.05733562330267
16/08/2017,50.14278991332664
17/08/2017,50.2071340271052
18/08/2017,50.25225113962429
21/08/2017,50.283015576342535
22/08/2017,50.3312395319578
23/08/2017,50.362324991374365
24/08/2017,50.387041580388995
25/08/2017,50.39735250890945
28/08/2017,50.41116489077445
29/08/2017,50.428542282401224
30/08/2017,50.45816167399825
31/08/2017,50.49525601714298
01/09/2017,50.53817879485978
05/09/2017,50.563163587434644
06/09/2017,50.586347351030525
07/09/2017,50.60778897151422
08/09/2017,50.63656029202038
11/09/2017,50.703962671300225
12/09/2017,50.780709632143626
13/09/2017,50.846197414334846
14/09/2017,50.889347474739914
15/09/2017,50.94647252733425
18/09/2017,51.001796547855186
19/09/2017,51.05229731811185
20/09/2017,51.08268580832198
21/09/2017,51.098430698563504
22/09/2017,51.1538521757105
25/09/2017,51.170938667893914
26/09/2017,51.17036377966773
27/09/2017,51.18280775097662
28/09/2017,51.19100752125555
29/09/2017,51.24648703796458
02/10/2017,51.305473344013286
03/10/2017,51.37110731191427
04/10/2017,51.410460408136885
05/10/2017,51.466783581235156
06/10/2017,51.526508020587876
09/10/2017,51.59064377802807
10/10/2017,51.65385369374754
11/10/2017,51.71267351178986
12/10/2017,51.756892704872214
13/10/2017,51.800859436601
16/10/2017,51.8551661075298
17/10/2017,51.92366081493998
18/10/2017,52.00890915538144
19/10/2017,52.09787864852636
20/10/2017,52.21779080295499
23/10/2017,52.30777934400325
24/10/2017,52.3976775257795
25/10/2017,52.47404551575317
26/10/2017,52.56669375454913
27/10/2017,52.707044013013785
30/10/2017,52.851458532626175
31/10/2017,53.00348663680582
01/11/2017,53.167550747681545
02/11/2017,53.35845094241453
03/11/2017,53.563631813617626
06/11/2017,53.796118951378645
07/11/2017,54.02282428240288
08/11/2017,54.240711418014
09/11/2017,54.440198256430605
10/11/2017,54.62242168064251
13/11/2017,54.80084815736831
14/11/2017,54.96953896979045
15/11/2017,55.12107085144918
16/11/2017,55.27908434955003
17/11/2017,55.4230135768557
20/11/2017,55.5665815768972
21/11/2017,55.7304172603464
22/11/2017,55.88730911048161
24/11/2017,56.049525979986214
27/11/2017,56.19607905767046
28/11/2017,56.3387857545994
29/11/2017,56.435300824690614
30/11/2017,56.53118247980276
01/12/2017,56.61548686895123
04/12/2017,56.64549871579204
05/12/2017,56.6780689646667
06/12/2017,56.71947379576346
07/12/2017,56.782039352491374
08/12/2017,56.846415053805444
11/12/2017,56.87619006581345
12/12/2017,56.89363869071008
13/12/2017,56.90232277808309
14/12/2017,56.91250474571932
15/12/2017,56.93172842244121
18/12/2017,56.955089269213445
19/12/2017,56.962084594326015
20/12/2017,56.96810154954545
21/12/2017,56.95672148127507
22/12/2017,56.963378755246765
26/12/2017,56.954152079647415
27/12/2017,56.95082653002154
28/12/2017,56.956427860443625
29/12/2017,56.96866725024963
02/01/2018,56.985327232910215
03/01/2018,57.03015698337896
04/01/2018,57.0827089800715
05/01/2018,57.127168616895986
08/01/2018,57.17778195965542
09/01/2018,57.21604903121308
10/01/2018,57.25385367153067
11/01/2018,57.29568410779136
12/01/2018,57.40750143269935
16/01/2018,57.492093600862106
17/01/2018,57.627478998996025
18/01/2018,57.80368026956284
19/01/2018,57.969009212085275
22/01/2018,58.135522033766115
23/01/2018,58.31065627537961
24/01/2018,58.44912990862757
25/01/2018,58.55552729340276
26/01/2018,58.704424203774444
29/01/2018,58.83040879302024
30/01/2018,58.93251470016284
31/01/2018,59.033229780026886
01/02/2018,59.10676205333343
02/02/2018,59.127899592974494
05/02/2018,59.07752553921366
06/02/2018,59.09831769557156
07/02/2018,59.08566852331991
08/02/2018,59.01667899995812
09/02/2018,58.979559466147414
12/02/2018,58.9834777889366
13/02/2018,59.01081549780328
14/02/2018,59.04754004061218
15/02/2018,59.11244988876125
16/02/2018,59.155671079481984
20/02/2018,59.19042957003798
21/02/2018,59.204483195002766
22/02/2018,59.229761565003294
23/02/2018,59.309348383961115
26/02/2018,59.41740291762895
27/02/2018,59.4868676503976
28/02/2018,59.558792745346814
01/03/2018,59.55341587653593
02/03/2018,59.5656073101943
05/03/2018,59.608479740066336
06/03/2018,59.64664338597649
07/03/2018,59.67961017768356
08/03/2018,59.74587157388862
09/03/2018,59.86328648664147
12/03/2018,59.95805463273053
13/03/2018,60.04938741023481
14/03/2018,60.15797954818769
15/03/2018,60.247616202168025
16/03/2018,60.3565259347857
19/03/2018,60.49387989845287
20/03/2018,60.70660519059613
21/03/2018,60.8390521823143
22/03/2018,60.95312421145638
23/03/2018,61.08448071583306
26/03/2018,61.2803456032765
27/03/2018,61.35922416831062
28/03/2018,61.409691459904614
29/03/2018,61.45731912570166
02/04/2018,61.411477609461954
03/04/2018,61.394527184729476
04/04/2018,61.415549297827575
05/04/2018,61.45138669651602
06/04/2018,61.431081072276484
09/04/2018,61.37627637101388
10/04/2018,61.33132102443281
11/04/2018,61.29141913437833
12/04/2018,61.293395539363914
13/04/2018,61.315258175588596
16/04/2018,61.33548501931028
17/04/2018,61.37372135377558
18/04/2018,61.39143588470481
19/04/2018,61.359885638527125
20/04/2018,61.28101565350695
23/04/2018,61.15657923944664
24/04/2018,60.98679565194915
25/04/2018,60.840942152199084
26/04/2018,60.73776259091787
27/04/2018,60.627809907463735
30/04/2018,60.49501472791186
01/05/2018,60.42727689209029
02/05/2018,60.3562138897706
03/05/2018,60.31207375629699
04/05/2018,60.362284502402524
07/05/2018,60.48798879916196
08/05/2018,60.51871085523447
09/05/2018,60.648101102583595
10/05/2018,60.82218626764788
11/05/2018,60.95367301323526
14/05/2018,61.13645246224987
15/05/2018,61.28216347559282
16/05/2018,61.3988785617651
17/05/2018,61.50182256804419
18/05/2018,61.64599068843751
21/05/2018,61.79722698061263
22/05/2018,61.90394676503991
23/05/2018,62.03922717406036
24/05/2018,62.13969598049033
25/05/2018,62.25283447997406
29/05/2018,62.33974230416219
30/05/2018,62.40323507205643
31/05/2018,62.46772781863882
01/06/2018,62.61259823262517
04/06/2018,62.81242764194609
05/06/2018,63.02958112634011
06/06/2018,63.289716151897
07/06/2018,63.5239627193031
08/06/2018,63.72967453298878
11/06/2018,63.9364354814903
12/06/2018,64.16386309294268
13/06/2018,64.35378904308698
14/06/2018,64.54305526444988
15/06/2018,64.7015803310855
18/06/2018,64.82006479628225
19/06/2018,64.90589149247818
20/06/2018,64.9880653952938
21/06/2018,65.02754278112593
22/06/2018,65.0266709550383
25/06/2018,64.99119210896268
26/06/2018,64.96958298470938
27/06/2018,64.9325882513833
28/06/2018,64.89847758526771
29/06/2018,64.88470779192797
02/07/2018,64.90089179623624
03/07/2018,64.8685409546134
05/07/2018,64.85568585979124
06/07/2018,64.85322113190286
09/07/2018,64.87249341048245
10/07/2018,64.89551212168276
11/07/2018,64.90875453675179
12/07/2018,64.9503946615415
13/07/2018,65.01286788724695
16/07/2018,65.0276136914138
17/07/2018,65.04015347697874
18/07/2018,65.03871951934833
19/07/2018,65.02477739566115
20/07/2018,65.03660889232002
23/07/2018,65.05589321524334
24/07/2018,65.07582093717626
25/07/2018,65.11865106654852
26/07/2018,65.16726985451923
27/07/2018,65.17502626337685
30/07/2018,65.17083162064851
31/07/2018,65.17271946266806
01/08/2018,65.22802453553031
02/08/2018,65.31666815154955
03/08/2018,65.43336676682982
06/08/2018,65.57091704035258
07/08/2018,65.75552301430277
08/08/2018,65.92942800857014
09/08/2018,66.1306793862185
10/08/2018,66.29248528660732
13/08/2018,66.4495746709983
14/08/2018,66.60059669461336
15/08/2018,66.75559996459955
16/08/2018,66.89764969932911
17/08/2018,67.02294422045664
20/08/2018,67.12105453240366
21/08/2018,67.21831239307355
22/08/2018,67.34538616466052
23/08/2018,67.43844327407055
24/08/2018,67.54567281562187
27/08/2018,67.68594677241772
28/08/2018,67.82213055314593
29/08/2018,67.98751071747242
30/08/2018,68.15154917193142
31/08/2018,68.3249733352007
04/09/2018,68.49475276858546
05/09/2018,68.63254616501712
06/09/2018,68.71452690139269
07/09/2018,68.77995111165826
10/09/2018,68.89420158455155
11/09/2018,69.06381854997053
12/09/2018,69.2193402128579
13/09/2018,69.36699662505177
14/09/2018,69.48604561168055
17/09/2018,69.55654291371437
18/09/2018,69.63471438823488
19/09/2018,69.69666077029032
20/09/2018,69.78108104372957
21/09/2018,69.85970004731959
24/09/2018,69.97630872826826
25/09/2018,70.09348403275449
26/09/2018,70.18842303700036
27/09/2018,70.32780835927615
28/09/2018,70.45812927166926
01/10/2018,70.59392572175177
02/10/2018,70.73353181970941
03/10/2018,70.87455094866877
04/10/2018,70.95999155508107
05/10/2018,71.0081411398421
08/10/2018,71.00962772858168
09/10/2018,71.00095024179595
10/10/2018,70.87281539304131
11/10/2018,70.70056923354988
12/10/2018,70.59828271370021
15/10/2018,70.44535230160875
16/10/2018,70.3635835400559
17/10/2018,70.2941035445223
18/10/2018,70.19807594793475
19/10/2018,70.10986234364346
22/10/2018,70.03380007650281
23/10/2018,69.93383499704112
24/10/2018,69.73443486600256
25/10/2018,69.56774596915886
26/10/2018,69.35358669349947
29/10/2018,69.12878821797844
30/10/2018,68.90358664172044
31/10/2018,68.74077701909033
01/11/2018,68.57843039701946
02/11/2018,68.3685775198935
05/11/2018,68.13237846684954
06/11/2018,67.91442621059848
07/11/2018,67.7739252376748
08/11/2018,67.60254998717083
09/11/2018,67.38965975161663
12/11/2018,67.07895074921413
13/11/2018,66.77246358482363
14/11/2018,66.43004419921304
15/11/2018,66.1848751826292
16/11/2018,65.97864541501714
19/11/2018,65.71256887485592
20/11/2018,65.38329675868475
21/11/2018,65.17769021988343
23/11/2018,64.97231953655363
26/11/2018,64.7423975696429
27/11/2018,64.56075300541531
28/11/2018,64.37479264757373
29/11/2018,64.19434424556972
30/11/2018,64.07980598581085
03/12/2018,64.02344072594184
04/12/2018,63.85534253474705
06/12/2018,63.695106783691735
07/12/2018,63.554031214496355
10/12/2018,63.38424316989845
11/12/2018,63.25877803199058
12/12/2018,63.19315610337318
13/12/2018,63.11855047832929
14/12/2018,62.93208557242869
17/12/2018,62.67101614947521
18/12/2018,62.48940076507165
19/12/2018,62.27378924838357
20/12/2018,62.00175429066731
21/12/2018,61.601668027944875
24/12/2018,61.15486072664031
26/12/2018,60.86315741363931
27/12/2018,60.66141496904839
28/12/2018,60.45246548362812
31/12/2018,60.29405002429187
02/01/2019,60.085182218367365
03/01/2019,59.75694391274288
04/01/2019,59.5989942568602
07/01/2019,59.50429205918153
08/01/2019,59.41592491957697
09/01/2019,59.36924689424226
10/01/2019,59.28438915079409
11/01/2019,59.186015811278885
14/01/2019,58.98964704733345
15/01/2019,58.84792840002201
16/01/2019,58.6936152094788
17/01/2019,58.50433937791206
18/01/2019,58.435237848720895
22/01/2019,58.31793409973233
23/01/2019,58.30621048921756
24/01/2019,58.27669025727989
25/01/2019,58.27782758873377
28/01/2019,58.24023307156526
29/01/2019,58.1728204545465
30/01/2019,58.24510022744281
31/01/2019,58.364080195600636
01/02/2019,58.45994669746598
04/02/2019,58.63642668635443
05/02/2019,58.8694627963739
06/02/2019,59.165359712576915
07/02/2019,59.485737108439544
08/02/2019,59.70062574705978
11/02/2019,59.90290285201326
12/02/2019,60.13887461576776
13/02/2019,60.35633027609799
14/02/2019,60.576394966717174
15/02/2019,60.91781358271581
19/02/2019,61.17408226307178
20/02/2019,61.416330426381954
21/02/2019,61.642903421158394
22/02/2019,61.871276275635516
25/02/2019,62.10877793462155
26/02/2019,62.357377819364466
27/02/2019,62.624694084503
28/02/2019,62.84495240795019
01/03/2019,63.078257363802514
04/03/2019,63.29108042198425
05/03/2019,63.46471388315342
06/03/2019,63.664206986479925
07/03/2019,63.82314900281211
08/03/2019,63.96837019072315
11/03/2019,64.13044325345616
12/03/2019,64.33570213091069
13/03/2019,64.57640123049661
14/03/2019,64.74617615631203
15/03/2019,64.93180898641126
18/03/2019,65.1322645454953
19/03/2019,65.30239052289971
20/03/2019,65.45160256856445
21/03/2019,65.6639547780818
22/03/2019,65.85069650647993
25/03/2019,66.01761471851172
26/03/2019,66.190941162502
27/03/2019,66.32084225432105
28/03/2019,66.45206184251803
29/03/2019,66.60334760487828
01/04/2019,66.77471450935587
02/04/2019,66.95615855100858
03/04/2019,67.16273103581695
04/04/2019,67.3573639318553
05/04/2019,67.53437349433356
08/04/2019,67.7087267746174
09/04/2019,67.8607588505898
10/04/2019,68.03735688976313
11/04/2019,68.22095424290647
12/04/2019,68.39984387199544
15/04/2019,68.5818423125354
16/04/2019,68.78108319169405
17/04/2019,69.00586091572258
18/04/2019,69.26548456586457
22/04/2019,69.52810697563486
23/04/2019,69.76656311024223
24/04/2019,69.98864782215419
25/04/2019,70.20611449297022
26/04/2019,70.41220949961094
29/04/2019,70.60124950333201
30/04/2019,70.77226138016043
01/05/2019,70.93864272169851
02/05/2019,71.09568942854598
03/05/2019,71.21945315418456
06/05/2019,71.37503262802299
07/05/2019,71.48373325431818
08/05/2019,71.584154198489
09/05/2019,71.68162732565294
10/05/2019,71.77817852530701
13/05/2019,71.75134598826337
14/05/2019,71.72693168962164
15/05/2019,71.71763367232163
16/05/2019,71.70624857742325
17/05/2019,71.68184873535894
20/05/2019,71.60128428997515
21/05/2019,71.54043499966721
22/05/2019,71.48843158746574
23/05/2019,71.3772983581957
24/05/2019,71.26772652688635
28/05/2019,71.14456987529522
29/05/2019,71.00751578543607
30/05/2019,70.87376878620229
31/05/2019,70.691032705678
03/06/2019,70.45743467682043
04/06/2019,70.29673930552264
05/06/2019,70.13563401180444
06/06/2019,70.00761369827285
07/06/2019,69.91996191059198
10/06/2019,69.86833842283741
11/06/2019,69.81757720148774
12/06/2019,69.7507638889033
13/06/2019,69.68586399649641
14/06/2019,69.61415442225396
17/06/2019,69.51260198564171
18/06/2019,69.48570490857817
19/06/2019,69.53151605881928
20/06/2019,69.61545896522968
21/06/2019,69.7077467346633
24/06/2019,69.802651240576
25/06/2019,69.94292914728285
26/06/2019,70.08529041393815
27/06/2019,70.21118305715815
28/06/2019,70.30785858649006
01/07/2019,70.46594616934043
02/07/2019,70.67904387146011
03/07/2019,70.87881958707979
05/07/2019,71.08172958999076
08/07/2019,71.308705341344
09/07/2019,71.54613416970918
10/07/2019,71.81399195118537
11/07/2019,72.09807962544299
12/07/2019,72.39208781471288
15/07/2019,72.73645897039374
16/07/2019,73.09205332805665
17/07/2019,73.363370979173
18/07/2019,73.63297069925308
19/07/2019,73.85471021260186
22/07/2019,74.06834793406466
23/07/2019,74.26725169816845
24/07/2019,74.49073117639833
25/07/2019,74.71386598491144
26/07/2019,74.94342409473427
29/07/2019,75.19249389582501
30/07/2019,75.42408783335527
31/07/2019,75.56696398663955
01/08/2019,75.682321022219
02/08/2019,75.72777548737587
05/08/2019,75.67662809974267
06/08/2019,75.66288312230326
07/08/2019,75.71278921178555
08/08/2019,75.79488963964454
09/08/2019,75.83490786790641
12/08/2019,75.85029616558873
13/08/2019,75.88769230518771
14/08/2019,75.83644489316556
15/08/2019,75.75380151287068
16/08/2019,75.72581968363905
19/08/2019,75.7523381525095
20/08/2019,75.75159923020703
21/08/2019,75.75334314846307
22/08/2019,75.74595436614331
23/08/2019,75.623929657796
26/08/2019,75.52911541113697
27/08/2019,75.45410872451694
28/08/2019,75.38909350769859
29/08/2019,75.3414360653725
30/08/2019,75.30923651096346
03/09/2019,75.2086970623461
04/09/2019,75.1314558684923
05/09/2019,75.07759215513047
06/09/2019,75.03340961078217
09/09/2019,74.97119287171103
10/09/2019,74.90908274082054
11/09/2019,74.8919820193889
12/09/2019,74.9214306562242
13/09/2019,74.94872540298053
16/09/2019,75.01022324378417
17/09/2019,75.18908069731577
18/09/2019,75.3325442174914
19/09/2019,75.47263207755906
20/09/2019,75.51407930041638
23/09/2019,75.59486185962305
24/09/2019,75.6756615532016
25/09/2019,75.73213560497243
26/09/2019,75.87216084481236
27/09/2019,75.99075162089143
30/09/2019,76.09070280663006
01/10/2019,76.12821427522456
02/10/2019,76.13467919121295
03/10/2019,76.14084534346946
04/10/2019,76.2015410272656
07/10/2019,76.34440934402454
08/10/2019,76.40651317701926
09/10/2019,76.50993329476971
10/10/2019,76.6290780367231
11/10/2019,76.7486010453487
14/10/2019,76.86427766638751
15/10/2019,77.03199815767046
16/10/2019,77.13730844073328
17/10/2019,77.18318749362962
18/10/2019,77.2180313249866
21/10/2019,77.28991567876086
22/10/2019,77.3374746994848
23/10/2019,77.35538195159448
24/10/2019,77.40146350174824
25/10/2019,77.49463436770046
28/10/2019,77.62640655085927
29/10/2019,77.71342429415273
30/10/2019,77.81068054014835
31/10/2019,77.90434801292706
01/11/2019,78.06285686297849
04/11/2019,78.23804467407511
05/11/2019,78.45042729590857
06/11/2019,78.62173012206229
07/11/2019,78.80402722452992
08/11/2019,79.03575308383235
11/11/2019,79.23469524638985
12/11/2019,79.4664562401673
13/11/2019,79.75889336353879
14/11/2019,80.01670225460992
15/11/2019,80.26017196439022
18/11/2019,80.52348467237813
19/11/2019,80.83183081638015
20/11/2019,81.08064059595074
21/11/2019,81.29487873923797
22/11/2019,81.46614442089522
25/11/2019,81.68576170210592
26/11/2019,81.87816672777522
27/11/2019,82.11257768920417
29/11/2019,82.34682069858606
02/12/2019,82.563338334645
03/12/2019,82.72195238363186
04/12/2019,82.92173965658138
05/12/2019,83.13258214826695
06/12/2019,83.34732281800783
09/12/2019,83.51069464931858
10/12/2019,83.642646202544
11/12/2019,83.82864496663552
12/12/2019,84.03278859564803
13/12/2019,84.25583537143669
16/12/2019,84.47750998897693
17/12/2019,84.67430463059385
18/12/2019,84.85904742992174
19/12/2019,85.06687849255624
20/12/2019,85.28081149530784
23/12/2019,85.50156700113787
24/12/2019,85.72768941489024
26/12/2019,85.97244860109878
27/12/2019,86.20428074283697
30/12/2019,86.42800750822194
31/12/2019,86.63495270017145
02/01/2020,86.89642619101383
03/01/2020,87.12249487862458
06/01/2020,87.3783748681837
07/01/2020,87.64856267475267
08/01/2020,87.95172877451054
09/01/2020,88.25051293071868
10/01/2020,88.54377342851306
13/01/2020,88.8625192916229
14/01/2020,89.17073227069572
15/01/2020,89.51299226490642
16/01/2020,89.92816279178257
17/01/2020,90.35025710537674
21/01/2020,90.7549159790783
22/01/2020,91.13504840311566
23/01/2020,91.54883183179554
24/01/2020,91.93935028225602
27/01/2020,92.23027901444279
28/01/2020,92.55388217457102
29/01/2020,92.86685960594112
30/01/2020,93.17729967718267
31/01/2020,93.40710598331755
03/02/2020,93.68244112723623
04/02/2020,94.03335923251116
05/02/2020,94.39149470968172
06/02/2020,94.7633556438887
07/02/2020,95.09770219836702
10/02/2020,95.45430439363749
11/02/2020,95.79591551178878
12/02/2020,96.1933932801042
13/02/2020,96.5627506688809
14/02/2020,96.8762295814084
18/02/2020,97.20831514582552
19/02/2020,97.57076789425392
20/02/2020,97.89412865875562
21/02/2020,98.09788014705327
24/02/2020,98.11438750192013
25/02/2020,98.05380651442276
26/02/2020,97.97641949441798
27/02/2020,97.73808674382288
28/02/2020,97.53368112126019
02/03/2020,97.46888989567599
03/03/2020,97.2639205781639
04/03/2020,97.19704329878145
05/03/2020,97.01930001974937
06/03/2020,96.76358036481187
09/03/2020,96.29318642910084
10/03/2020,96.08636244607618
11/03/2020,95.68112277032789
12/03/2020,94.97608526705034
13/03/2020,94.56944995952507
16/03/2020,93.85570803721555
17/03/2020,93.28429588350866
18/03/2020,92.50691968676433
19/03/2020,91.72164847737136
20/03/2020,90.78857820266987
23/03/2020,89.89119070930558
24/03/2020,89.15699320387093
25/03/2020,88.40990136587895
26/03/2020,87.78442465587507
27/03/2020,87.05170058944755
30/03/2020,86.42820147171889
31/03/2020,85.77784987137768
01/04/2020,84.96733230298163
02/04/2020,84.25277695145292
03/04/2020,83.57968826282479
06/04/2020,83.27704529771947
07/04/2020,83.03066684838186
08/04/2020,82.82324167520315
09/04/2020,82.79743576715555
13/04/2020,82.76967332196799
14/04/2020,82.69760236117392
15/04/2020,82.6919149852706
16/04/2020,82.60829859716749
17/04/2020,82.6313057867134
20/04/2020,82.66757141002502
21/04/2020,82.81207124579144
22/04/2020,82.87505791044715
23/04/2020,83.05002951058344
24/04/2020,83.57805527544691
27/04/2020,83.78807812240268
28/04/2020,84.3286099482498
29/04/2020,84.79727232723683
30/04/2020,85.37776855045838
01/05/2020,85.84826388257252
04/05/2020,86.48170155621602
05/05/2020,87.15208302807086
06/05/2020,87.63928137877207
07/05/2020,88.17826255674376
08/05/2020,88.59975388523773
11/05/2020,89.17786592470095
12/05/2020,89.57616143632333
13/05/2020,89.95972181103289
14/05/2020,90.50169661210612
15/05/2020,90.99470991743203
18/05/2020,91.59524162850168
19/05/2020,91.96212515398675
20/05/2020,92.42590342558428
21/05/2020,92.7798411485144
22/05/2020,93.14545631669473
26/05/2020,93.46394773902327
27/05/2020,93.66257726287857
28/05/2020,93.8948568065992
29/05/2020,94.1065405206917
01/06/2020,94.31300257377585
02/06/2020,94.59569421803204
03/06/2020,95.02874677363377
04/06/2020,95.33894118011195
05/06/2020,95.74926613557568
08/06/2020,96.116890634222
09/06/2020,96.51220477501946
10/06/2020,97.03845427938136
11/06/2020,97.25510731972958
12/06/2020,97.51678214242102
15/06/2020,97.89345143018197
16/06/2020,98.30111272059104
17/06/2020,98.66889880151297
18/06/2020,99.0241947775979
19/06/2020,99.34775952734617
22/06/2020,99.69438775075479
23/06/2020,100.03460278424438
24/06/2020,100.36673614549021
25/06/2020,100.79358748043987
26/06/2020,101.10524217955313
29/06/2020,101.45505247796054
30/06/2020,101.81173571633516
01/07/2020,102.17331952295753
02/07/2020,102.48492094062159
06/07/2020,102.91957015603903
07/07/2020,103.30833579836134
08/07/2020,103.78149302125811
09/07/2020,104.26175080496436
10/07/2020,104.76274334208831
13/07/2020,105.15040805394466
14/07/2020,105.56475062913283
15/07/2020,105.96337816222017
16/07/2020,106.29151131070078
17/07/2020,106.64274182772736
20/07/2020,107.02396209386607
21/07/2020,107.33888449952273
22/07/2020,107.6510894404922
23/07/2020,107.76391072665368
24/07/2020,108.05680715131038
27/07/2020,108.36016887015104
28/07/2020,108.58866759696622
29/07/2020,108.80331856739772
30/07/2020,109.03773248668513
31/07/2020,109.39133761155914
03/08/2020,109.86181462134812
04/08/2020,110.2826235604245
05/08/2020,110.67840973148452
06/08/2020,111.22472445592282
07/08/2020,111.65388705466228
10/08/2020,112.15603488329066
11/08/2020,112.51522880342927
12/08/2020,112.91942159694523
13/08/2020,113.3370766307426
14/08/2020,113.73614335360139
17/08/2020,114.06620891208314
18/08/2020,114.45797293679085
19/08/2020,114.77087904328705
20/08/2020,115.12793775402004
21/08/2020,115.54640756635979
24/08/2020,116.07641100138889
25/08/2020,116.59666790098562
26/08/2020,117.1931163409639
27/08/2020,117.8145046672731
28/08/2020,118.46373119991581
31/08/2020,119.04352161467942
01/09/2020,119.76348444503815
02/09/2020,120.45857499213243
03/09/2020,120.99484952885057
04/09/2020,121.50906699413902
08/09/2020,121.74110727065523
09/09/2020,122.16048113267767
10/09/2020,122.41295572053036
11/09/2020,122.6119722929929
14/09/2020,122.75850497703944
15/09/2020,122.83917163919236
16/09/2020,122.81269977612492
17/09/2020,122.7481700114109
18/09/2020,122.5278713600031
21/09/2020,122.44655752464672
22/09/2020,122.43629888702111
23/09/2020,122.39264297349649
24/09/2020,122.26394333247055
25/09/2020,122.2286492136293
28/09/2020,122.26656211193777
29/09/2020,122.27871702732125
30/09/2020,122.30101360267611
01/10/2020,122.38324633168544
02/10/2020,122.26799471194387
05/10/2020,122.18699895367658
06/10/2020,121.99410220088104
07/10/2020,121.86072183085925
08/10/2020,121.65825106049851
09/10/2020,121.5313865378987
12/10/2020,121.51966332484476
13/10/2020,121.4344364755264
14/10/2020,121.23047928341101
15/10/2020,120.99493829782276
16/10/2020,121.02456131540403
19/10/2020,121.01404324527597
20/10/2020,121.23853430128186
21/10/2020,121.30836574544864
22/10/2020,121.45672491519515
23/10/2020,121.63823793357385
26/10/2020,121.67031467479038
27/10/2020,121.68400625144156
28/10/2020,121.60861094488558
29/10/2020,121.65125923757542
30/10/2020,121.65446692914665
02/11/2020,121.5982464346701
03/11/2020,121.54892673677266
04/11/2020,121.79498449564926
05/11/2020,122.13401152116543
06/11/2020,122.38237352691516
09/11/2020,122.48121086000346
10/11/2020,122.5133389607639
11/11/2020,122.6199231414939
12/11/2020,122.65437230909254
13/11/2020,122.84311951963822
16/11/2020,122.96605671260444
17/11/2020,123.13994757668283
18/11/2020,123.17923623020837
19/11/2020,123.2402866656232
20/11/2020,123.20852647608518
23/11/2020,123.00373514745151
24/11/2020,122.8816703482419
25/11/2020,122.80066135019902
27/11/2020,122.7706029949576
30/11/2020,122.8047530860762
01/12/2020,122.99324885645724
02/12/2020,123.18328917570028
03/12/2020,123.38596117075458
04/12/2020,123.63233949539394
07/12/2020,123.89938001265091
08/12/2020,124.2540359247402
09/12/2020,124.49953330165475
10/12/2020,124.92827188432452
11/12/2020,125.27241280268753
14/12/2020,125.75038634515231
15/12/2020,126.32016082906983
16/12/2020,126.85150416464491
17/12/2020,127.23597905451358
18/12/2020,127.46840355351007
21/12/2020,127.70736835447202
22/12/2020,128.0816452703092
23/12/2020,128.49529897390434
24/12/2020,128.83012204447868
28/12/2020,129.26022917484127
29/12/2020,129.6309965643387
30/12/2020,129.94918189289345
31/12/2020,130.3000858886953
04/01/2021,130.61642909504363
05/01/2021,130.93065545850922
06/01/2021,131.18061435954579
07/01/2021,131.58852229784918
08/01/2021,131.97176290537158
11/01/2021,132.29067536932467
12/01/2021,132.56369017551276
13/01/2021,132.81724265316143
14/01/2021,132.96407005555315
15/01/2021,133.05378865941748
19/01/2021,133.20134527571872
20/01/2021,133.42641760777641
21/01/2021,133.71939146842405
22/01/2021,133.99050468144944
25/01/2021,134.42015686869055
26/01/2021,134.86141848828552
27/01/2021,135.2296255792464
28/01/2021,135.56391751149985
29/01/2021,135.67592724277083
01/02/2021,135.86645674908183
02/02/2021,136.08014339165408
03/02/2021,136.3045475907255
04/02/2021,136.57923022808578
05/02/2021,136.7881689123306
08/02/2021,137.08063899666578
09/02/2021,137.32907422250884
10/02/2021,137.49533303456317
11/02/2021,137.7319036181029
12/02/2021,138.00945666867818
16/02/2021,138.24709244616201
17/02/2021,138.5201371841617
18/02/2021,138.7312458485739
19/02/2021,139.03977310407754
22/02/2021,139.08919503781624
23/02/2021,139.10528855394745
24/02/2021,139.2150034085449
25/02/2021,139.18541814513273
26/02/2021,139.16699854404635
01/03/2021,139.33644503759763
02/03/2021,139.4670333086107
03/03/2021,139.43256522433532
04/03/2021,139.20878002935467
05/03/2021,138.98315377951704
08/03/2021,138.61878011487357
09/03/2021,138.34066877129447
10/03/2021,138.00772364214137
11/03/2021,137.83950787070853
12/03/2021,137.6538639666929
15/03/2021,137.65009608889122
16/03/2021,137.58526546913356
17/03/2021,137.4782301020689
18/03/2021,137.25276308688728
19/03/2021,136.96009731251456
22/03/2021,136.7842357894922
23/03/2021,136.54312384753004
24/03/2021,136.2531324440702
25/03/2021,135.97265641524427
26/03/2021,135.75067262513022
29/03/2021,135.4897442808427
30/03/2021,135.2171268171326
31/03/2021,135.07856449395544
01/04/2021,135.05333325793367
05/04/2021,135.13672660374354
06/04/2021,135.331868357623
07/04/2021,135.56965740139339
08/04/2021,135.82923002754956
09/04/2021,136.295517727594
12/04/2021,136.67737657013674
13/04/2021,136.9612604243713
14/04/2021,137.26779431832566
15/04/2021,137.77173006934953
16/04/2021,138.36640603190614
19/04/2021,138.84521839418196
20/04/2021,139.42570451757842
21/04/2021,139.89401199729014
22/04/2021,140.32402632029198
23/04/2021,140.7403246303188
26/04/2021,141.21208481883764
27/04/2021,141.62782393207726
28/04/2021,141.92277275290655
29/04/2021,142.21887432945297
30/04/2021,142.58986192690233
03/05/2021,142.95984299379765
04/05/2021,143.1236019279285
05/05/2021,143.30898161616759
06/05/2021,143.60312033000798
07/05/2021,143.93883049996137
10/05/2021,144.05493708398345
11/05/2021,144.1700550788193
12/05/2021,144.19747028472372
13/05/2021,144.20968074594714
14/05/2021,144.2305987234792
17/05/2021,144.10975934126225
18/05/2021,143.9616438672186
19/05/2021,143.79113935379215
20/05/2021,143.63771796657576
21/05/2021,143.39156932902284
24/05/2021,143.2743418717309
25/05/2021,143.10855768528083
26/05/2021,143.00631422335425
27/05/2021,142.7865746769182
28/05/2021,142.56796345855523
01/06/2021,142.35753616907135
02/06/2021,142.20391487355406
03/06/2021,141.95596429880612
04/06/2021,141.87449798768253
07/06/2021,141.73373547450683
08/06/2021,141.56647177045016
09/06/2021,141.41264093680886
10/06/2021,141.36606379042894
11/06/2021,141.34834889891772
14/06/2021,141.4625341309144
15/06/2021,141.54284644963266
16/06/2021,141.70058487757458
17/06/2021,141.91811277719992
18/06/2021,142.04490326946257
21/06/2021,142.18524870186823
22/06/2021,142.4954410457433
23/06/2021,142.8163394170963
24/06/2021,143.29858765268887
25/06/2021,143.7065177784113
28/06/2021,144.08179515445207
29/06/2021,144.5389134559548
30/06/2021,145.0552236225856
01/07/2021,145.54930280552688
02/07/2021,146.03354851085612
06/07/2021,146.58275966737193
07/07/2021,147.08942353853232
08/07/2021,147.54694393599647
09/07/2021,148.04723138770382
12/07/2021,148.5702288580999
13/07/2021,149.122073928906
14/07/2021,149.74871385957852
15/07/2021,150.31619626844628
16/07/2021,150.8828374497621
19/07/2021,151.28136016451379
20/07/2021,151.74612793330232
21/07/2021,152.25138965436622
22/07/2021,152.79233075224658
23/07/2021,153.3432518278511
26/07/2021,153.86948023362876
27/07/2021,154.2638368499167
28/07/2021,154.69613979116596
29/07/2021,155.18301878377252
30/07/2021,155.62877721883265
02/08/2021,156.11844468407315
03/08/2021,156.61792731457092
04/08/2021,157.08586213740486
05/08/2021,157.5632662233623
06/08/2021,157.9999651185005
09/08/2021,158.41983587805075
10/08/2021,158.73337726524682
11/08/2021,159.01322298854527
12/08/2021,159.31654634615916
13/08/2021,159.6637246279657
16/08/2021,159.96405128166953
17/08/2021,160.20441601795739
18/08/2021,160.31298808543437
19/08/2021,160.51482878749724
20/08/2021,160.74197283871825
23/08/2021,161.0376160939892
24/08/2021,161.28778196491018
25/08/2021,161.47641768725777
26/08/2021,161.66677744916183
27/08/2021,161.9537150580562
30/08/2021,162.39989507838305
31/08/2021,162.73202842292713
01/09/2021,163.0286163514267
02/09/2021,163.29294303404097
03/09/2021,163.5251052931945
07/09/2021,163.76684299109945
08/09/2021,164.0380857508563
09/09/2021,164.28078528399146
10/09/2021,164.41553303825376
13/09/2021,164.54575696166407
14/09/2021,164.66619970493346
15/09/2021,164.78838475305088
16/09/2021,164.8984459049738
17/09/2021,164.91568490573812
20/09/2021,164.83682346579755
21/09/2021,164.79772344262102
22/09/2021,164.85535959343184
23/09/2021,164.94584865073878
24/09/2021,164.99326161507264
27/09/2021,164.95053929843814
28/09/2021,164.7064077334816
29/09/2021,164.49574447101185
30/09/2021,164.3474201035233
01/10/2021,164.21239067097036
04/10/2021,163.8949445512629
05/10/2021,163.59518812475002
06/10/2021,163.34764370615983
07/10/2021,163.15846402608736
08/10/2021,162.9966843043889
11/10/2021,162.77459865595543
12/10/2021,162.4362165497641
13/10/2021,162.1618700921188
14/10/2021,162.00412314646167
15/10/2021,161.86026672129444
18/10/2021,161.76486184299512
19/10/2021,161.71256604681764
20/10/2021,161.69467260874626
21/10/2021,161.72557220445475
22/10/2021,161.80877466178046
25/10/2021,161.88678708679456
26/10/2021,161.979681070687
27/10/2021,162.04971046386504
28/10/2021,162.17776146538674
29/10/2021,162.40903237836747
01/11/2021,162.74216490480563
02/11/2021,163.11353280519918
03/11/2021,163.48139944129935
04/11/2021,163.85893829925533
05/11/2021,164.24208338233402
08/11/2021,164.71941266426697
09/11/2021,165.36559735484428
10/11/2021,165.8853121188369
11/11/2021,166.46834138319676
12/11/2021,167.06172108480666
15/11/2021,167.76086865371124
16/11/2021,168.4489214608493
17/11/2021,169.11691959950744
18/11/2021,169.81487380968943
19/11/2021,170.58468410070844
22/11/2021,171.33115737027376
23/11/2021,172.09153556890377
24/11/2021,172.85771631065762
26/11/2021,173.35500084947802
29/11/2021,173.98319411027694
30/11/2021,174.53567202830632
01/12/2021,174.98771252017013
02/12/2021,175.4371308373233
03/12/2021,175.7303756721879
06/12/2021,176.1086980512492
07/12/2021,176.6790217141807
08/12/2021,177.2932423099539
09/12/2021,177.79632879066648
10/12/2021,178.39306552463682
13/12/2021,178.88072135779862
14/12/2021,179.2591998793532
15/12/2021,179.75264147237482
16/12/2021,179.9541573219214
17/12/2021,180.0604730305368
20/12/2021,180.09850628877913
21/12/2021,180.24556879533384
22/12/2021,180.46854213289498
23/12/2021,180.86118518683102
27/12/2021,181.3688625161574
28/12/2021,181.76210370734685
29/12/2021,182.1633622674674
30/12/2021,182.45296586165534
31/12/2021,182.69141700463226
03/01/2022,182.9295799777134
04/01/2022,183.01948911124884
05/01/2022,182.93874774984315
06/01/2022,182.83108270721033
07/01/2022,182.64980494695465
10/01/2022,182.64516947267543
11/01/2022,182.55000496809217
12/01/2022,182.50453467965937
13/01/2022,182.35142013377762
14/01/2022,182.2760258075568
18/01/2022,182.1843248677149
19/01/2022,181.94808754004993
20/01/2022,181.4304438825961
21/01/2022,180.77244100575493
24/01/2022,180.20305847756381
25/01/2022,179.3597091574705
26/01/2022,178.65768739228864
27/01/2022,178.02071801040057
28/01/2022,177.44516073841794
31/01/2022,177.24634692201172
01/02/2022,177.08820131734635
02/02/2022,177.07466506481325
03/02/2022,176.75147271737836
04/02/2022,176.37976836868688
07/02/2022,175.92261185097522
08/02/2022,175.40956153173514
09/02/2022,175.04223636129194
10/02/2022,174.50431481947794
11/02/2022,173.84222992209934
14/02/2022,173.20935093705612
15/02/2022,172.63901025394412
16/02/2022,172.1367500777049
17/02/2022,171.6829902903755
18/02/2022,171.2174344342861
22/02/2022,170.73777649684988
23/02/2022,170.09199759027373
24/02/2022,169.5645919919754
25/02/2022,169.0723440558293
28/02/2022,168.7400743132723
01/03/2022,168.23666490730932
02/03/2022,168.00434368513135
03/03/2022,167.78972603841288
04/03/2022,167.55026127145058
07/03/2022,167.22773176727685
08/03/2022,166.8543886682669
09/03/2022,166.7962665993987
10/03/2022,166.57716499297157
11/03/2022,166.29432031610565
14/03/2022,165.6808349453955
15/03/2022,165.1038419833983
16/03/2022,164.69364504296894
17/03/2022,164.2243077945631
18/03/2022,164.0127691016718
21/03/2022,163.7884650719266
22/03/2022,163.69701865799544
23/03/2022,163.44131242203844
24/03/2022,163.21282221795425
25/03/2022,163.16010874928895
28/03/2022,163.35363326202062
29/03/2022,163.66277592710267
30/03/2022,163.77040917727862
31/03/2022,163.7751171078621
01/04/2022,163.92418633727183
04/04/2022,164.2415353275593
05/04/2022,164.4893328125405
06/04/2022,164.74921814298384
07/04/2022,164.8525052425145
08/04/2022,164.80399335479967
11/04/2022,164.59349864013635
12/04/2022,164.46785439374253
13/04/2022,164.30616641829323
14/04/2022,164.0602646796774
18/04/2022,163.93847379526363
19/04/2022,164.08450194309552
20/04/2022,164.26918330971566
21/04/2022,164.18066974137145
22/04/2022,164.07393605692616
25/04/2022,164.15647669417342
26/04/2022,164.14416052977006
27/04/2022,164.0150242638731
28/04/2022,163.90804681919911
29/04/2022,163.58079900476213
02/05/2022,163.23863771298898
03/05/2022,162.89913814959613
04/05/2022,162.66887493566688
05/05/2022,162.2559554362862
06/05/2022,161.68857503655912
09/05/2022,160.928878966488
10/05/2022,160.17864957191497
11/05/2022,159.1334658451452
12/05/2022,158.08582327610887
13/05/2022,157.3193056132578
16/05/2022,156.53285768920296
17/05/2022,155.78136202340636
18/05/2022,154.89986243815767
19/05/2022,154.07742043769102
20/05/2022,153.21945912258414
23/05/2022,152.57818477565326
24/05/2022,152.02109887920983
25/05/2022,151.51215670634804
26/05/2022,151.02959398456744
27/05/2022,150.8654610805917
31/05/2022,150.64739671751113
01/06/2022,150.3261896373396
02/06/2022,150.10573375465935
03/06/2022,149.82213857390656
06/06/2022,149.67246894234728
07/06/2022,149.5105086816157
08/06/2022,149.48650802528448
09/06/2022,149.26853182656816
10/06/2022,148.6597348824976
13/06/2022,148.04952487844324
14/06/2022,147.38819609286884
15/06/2022,146.8069565843971
16/06/2022,145.85760490005612
17/06/2022,145.19412225675458
21/06/2022,144.6670961599591
22/06/2022,144.31086669333635
23/06/2022,143.94309161961692
24/06/2022,143.90602486701286
27/06/2022,143.90901670291643
28/06/2022,143.6077065923636
29/06/2022,143.36443205234912
30/06/2022,142.91735650791503
01/07/2022,142.73272306930357
05/07/2022,142.68192978465208
06/07/2022,142.68322778296618
07/07/2022,142.64778845944704
08/07/2022,142.68806909165622
11/07/2022,142.62370014098488
12/07/2022,142.39060486966196
13/07/2022,141.97518510668795
14/07/2022,141.65748218627763
15/07/2022,141.41725519843376
18/07/2022,141.0067162020081
19/07/2022,140.85757522989573
20/07/2022,140.78077044340674
21/07/2022,140.70579230605878
22/07/2022,140.62101657747996
25/07/2022,140.63646152683563
26/07/2022,140.77444338429262
27/07/2022,141.3277034930752
28/07/2022,141.92712702971934
29/07/2022,142.5393480283843
01/08/2022,143.30565376439418
02/08/2022,144.00493392248808
03/08/2022,144.73826734500477
04/08/2022,145.51296588665673
05/08/2022,146.1983106846786
08/08/2022,146.7022295900423
09/08/2022,147.18669328373537
10/08/2022,147.95649958470025
11/08/2022,148.6769320724925
12/08/2022,149.56807568684405
15/08/2022,150.47249213306793
16/08/2022,151.29847073305038
17/08/2022,152.05876183421535
18/08/2022,152.73067498774617
19/08/2022,153.29763452658784
22/08/2022,153.78627629842805
23/08/2022,154.31793031898172
24/08/2022,154.85639576984795
25/08/2022,155.41828802281424
26/08/2022,155.69248438007546
29/08/2022,155.96411089928927
30/08/2022,156.05350255807792
31/08/2022,156.02539085571004
01/09/2022,155.92892977494728
02/09/2022,155.83090694813075
06/09/2022,155.7259910737964
07/09/2022,155.77039916710547
08/09/2022,155.6097391923547
09/09/2022,155.47384719952103
12/09/2022,155.32403154134505
13/09/2022,154.89961912411786
14/09/2022,154.5356089849052
15/09/2022,153.87269967189053
16/09/2022,153.1527423513879
19/09/2022,152.4949604255397
20/09/2022,151.87097103913263
21/09/2022,151.2100260724314
22/09/2022,150.38074320852067
23/09/2022,149.51227357188236
26/09/2022,148.51130984193398
27/09/2022,147.49559076841527
28/09/2022,146.51391908313028
29/09/2022,145.4080951594158
30/09/2022,144.1932095498121
03/10/2022,143.21942887511227
04/10/2022,142.52319692327927
05/10/2022,141.85402347832198
06/10/2022,141.1551531062871
07/10/2022,140.16989187251752
10/10/2022,139.35746773419916
11/10/2022,138.5597399865286
12/10/2022,137.81141532857168
13/10/2022,137.24555214948583
14/10/2022,136.55425831347551
17/10/2022,136.05560101971136
18/10/2022,135.62801366352912
19/10/2022,135.12967252684965
20/10/2022,134.63545874847355
21/10/2022,134.1564057953527
24/10/2022,133.65863774941795
25/10/2022,133.53048341203396
26/10/2022,133.23340163909583
27/10/2022,132.98962540213228
28/10/2022,133.01108037955896
31/10/2022,132.91837597903424
01/11/2022,132.77159721677404
02/11/2022,132.5519285643255
03/11/2022,132.23368067375327
04/11/2022,132.04851377664573
07/11/2022,131.95364914304625
08/11/2022,131.87151853466875
09/11/2022,131.65567304404016
10/11/2022,131.9413803809948
11/11/2022,132.42399047722688
14/11/2022,132.71488890342087
15/11/2022,132.92231815024704
16/11/2022,133.05612833462718
17/11/2022,133.25945231465855
18/11/2022,133.66878751667502
21/11/2022,134.06502841457933
22/11/2022,134.5959605030425
23/11/2022,135.17323229955872
25/11/2022,135.5627450745445
28/11/2022,135.9739079462208
29/11/2022,136.21283793476118
30/11/2022,136.65566836920738
01/12/2022,137.09379844223471
02/12/2022,137.4995503292085
05/12/2022,137.72527295015766
06/12/2022,137.7786732604395
07/12/2022,137.7195250564887
08/12/2022,137.86638966177355
09/12/2022,138.07717039276412
12/12/2022,138.15031782439317
13/12/2022,138.3411292905558
14/12/2022,138.54082159742546
15/12/2022,138.70526751594744
16/12/2022,138.9484179190491
19/12/2022,139.05698326792051
20/12/2022,139.11162636041774
21/12/2022,139.2172945220607
22/12/2022,139.320303671648
23/12/2022,139.07108775921617
27/12/2022,138.68005382648275
28/12/2022,138.25467689053573
29/12/2022,137.89449580408825
30/12/2022,137.58924812196997
