Date,Equally Weighted Composite_Index
17/02/2010,26.427167376677197
18/02/2010,26.368093969821928
19/02/2010,26.313447970151906
22/02/2010,26.25872554302216
23/02/2010,26.183586935202282
24/02/2010,26.121440291007353
25/02/2010,26.073121594985327
26/02/2010,26.0137208378315
01/03/2010,25.963549216985705
02/03/2010,25.924809600909555
03/03/2010,25.86879176815351
04/03/2010,25.83049846371015
05/03/2010,25.808309710423153
08/03/2010,25.826631541649505
09/03/2010,25.834633471965788
10/03/2010,25.852249724467594
11/03/2010,25.865841109355294
12/03/2010,25.902569458484646
15/03/2010,25.955952425400415
16/03/2010,26.005360474983853
17/03/2010,26.04957857767741
18/03/2010,26.093048263788226
19/03/2010,26.15281584382057
22/03/2010,26.214989600976303
23/03/2010,26.297548933426544
24/03/2010,26.36226498047511
25/03/2010,26.42851976633071
26/03/2010,26.480841117302578
29/03/2010,26.5330692879359
30/03/2010,26.568765098253884
31/03/2010,26.594817914565397
01/04/2010,26.613975092967348
05/04/2010,26.647321949799853
06/04/2010,26.684048185348512
07/04/2010,26.732511357863746
08/04/2010,26.769303468863164
09/04/2010,26.817089125315345
12/04/2010,26.869028966029486
13/04/2010,26.906690297126772
14/04/2010,26.970688428481417
15/04/2010,27.038026112715404
16/04/2010,27.092908349434538
19/04/2010,27.1413385673364
20/04/2010,27.19254784703255
21/04/2010,27.246210881471637
22/04/2010,27.3007758307457
23/04/2010,27.364136071999866
26/04/2010,27.43131553332011
27/04/2010,27.478831502199178
28/04/2010,27.515295981168748
29/04/2010,27.55275726596514
30/04/2010,27.566725816726688
03/05/2010,27.602129817008972
04/05/2010,27.60138618707657
05/05/2010,27.578993198871615
06/05/2010,27.534210397402443
07/05/2010,27.47561579624812
10/05/2010,27.46112997174263
11/05/2010,27.441683369477584
12/05/2010,27.445129282871882
13/05/2010,27.440247263113662
14/05/2010,27.4177559697628
17/05/2010,27.385100865364073
18/05/2010,27.33728425939878
19/05/2010,27.288948220411935
20/05/2010,27.215325863361358
21/05/2010,27.143892205556238
24/05/2010,27.061050413052243
25/05/2010,26.977576488256453
26/05/2010,26.86372686346372
27/05/2010,26.781221890052166
28/05/2010,26.69612555027008
01/06/2010,26.59737684170405
02/06/2010,26.51760513504346
03/06/2010,26.44906997561454
04/06/2010,26.34396464427312
07/06/2010,26.21038207491239
08/06/2010,26.078300471305845
09/06/2010,25.96404268622398
10/06/2010,25.870530912478763
11/06/2010,25.781069069306064
14/06/2010,25.714416663249324
15/06/2010,25.659288381338122
16/06/2010,25.628761746088664
17/06/2010,25.608042290608086
18/06/2010,25.617847785154975
21/06/2010,25.638812467257186
22/06/2010,25.608969068924587
23/06/2010,25.579175426562628
24/06/2010,25.506108761231104
25/06/2010,25.44503010471662
28/06/2010,25.40289612849553
29/06/2010,25.323270265658692
30/06/2010,25.24569998224576
01/07/2010,25.16970631957054
02/07/2010,25.11903938968976
06/07/2010,25.06187474807103
07/07/2010,25.04329016168912
08/07/2010,25.027108730475106
09/07/2010,25.02409618536631
12/07/2010,24.994228208462395
13/07/2010,24.997312289873754
14/07/2010,25.016625148057933
15/07/2010,25.01636697769165
16/07/2010,24.982494091987608
19/07/2010,24.99345559557279
20/07/2010,25.019244663715362
21/07/2010,25.028232432603833
22/07/2010,25.058337273597715
23/07/2010,25.071278483072913
26/07/2010,25.081740393638615
27/07/2010,25.092148367563887
28/07/2010,25.068365884621937
29/07/2010,25.037873679796853
30/07/2010,24.999735308488212
02/08/2010,24.982147492567698
03/08/2010,24.962735882600153
04/08/2010,24.96502871592839
05/08/2010,24.96740314324697
06/08/2010,24.982911715904873
09/08/2010,25.005130982001624
10/08/2010,25.011671810944872
11/08/2010,25.031395374536515
12/08/2010,25.052590529123947
13/08/2010,25.068894825379054
16/08/2010,25.091498627662656
17/08/2010,25.11665725588798
18/08/2010,25.12084811170896
19/08/2010,25.11046597123146
20/08/2010,25.093292771975197
23/08/2010,25.064992893139525
24/08/2010,25.006120317379633
25/08/2010,24.94697754224141
26/08/2010,24.87468901554744
27/08/2010,24.83908262968063
30/08/2010,24.775761718352637
31/08/2010,24.70874563574791
01/09/2010,24.678352816899615
02/09/2010,24.63773830215136
03/09/2010,24.605464912255606
07/09/2010,24.554112290143976
08/09/2010,24.50382681528727
09/09/2010,24.471563984155658
10/09/2010,24.44282678325971
13/09/2010,24.43867168068886
14/09/2010,24.418663152456286
15/09/2010,24.406982941230144
16/09/2010,24.3909830502669
17/09/2010,24.381698619127267
20/09/2010,24.38828852176666
21/09/2010,24.38982869625091
22/09/2010,24.388923983971274
23/09/2010,24.40943170309067
24/09/2010,24.464395887056988
27/09/2010,24.524670513073605
28/09/2010,24.58684591611226
29/09/2010,24.646220906575522
30/09/2010,24.694147093296056
01/10/2010,24.75596742391586
04/10/2010,24.810762958129246
05/10/2010,24.89072867870331
06/10/2010,24.97792564630508
07/10/2010,25.07077664573987
08/10/2010,25.174193259477615
11/10/2010,25.267291346788404
12/10/2010,25.37718463818232
13/10/2010,25.49592801253001
14/10/2010,25.59112220088641
15/10/2010,25.690110416412352
18/10/2010,25.778223565022152
19/10/2010,25.861219488779703
20/10/2010,25.951493355830515
21/10/2010,26.034146698315936
22/10/2010,26.12568763494492
25/10/2010,26.201601146856945
26/10/2010,26.27221440951029
27/10/2010,26.349099359512326
28/10/2010,26.416914707024894
29/10/2010,26.487423954804733
01/11/2010,26.54827844897906
02/11/2010,26.618508765300117
03/11/2010,26.70857030034066
04/11/2010,26.816164611975353
05/11/2010,26.904472351868947
08/11/2010,26.992670561472572
09/11/2010,27.071911293665572
10/11/2010,27.14572148720423
11/11/2010,27.208271464506776
12/11/2010,27.259532427787775
15/11/2010,27.31743086496989
16/11/2010,27.342617007096607
17/11/2010,27.370920359293613
18/11/2010,27.404599610169733
19/11/2010,27.445461894671126
22/11/2010,27.4887224650383
23/11/2010,27.514735355377194
24/11/2010,27.5540288122495
26/11/2010,27.58618320624034
29/11/2010,27.603311609427134
30/11/2010,27.607577579021456
01/12/2010,27.651521315574644
02/12/2010,27.700547247727705
03/12/2010,27.75577271540959
06/12/2010,27.80306626001994
07/12/2010,27.846091696421308
08/12/2010,27.8969272518158
09/12/2010,27.937639924685158
10/12/2010,27.98560537497202
13/12/2010,28.02073648452759
14/12/2010,28.05721597671508
15/12/2010,28.078074613412223
16/12/2010,28.10183903853099
17/12/2010,28.111336058775585
20/12/2010,28.117423160870867
21/12/2010,28.133445502122242
22/12/2010,28.15425240198771
23/12/2010,28.175712521870935
27/12/2010,28.213014647165938
28/12/2010,28.258335684935247
29/12/2010,28.307884007294973
30/12/2010,28.37060978730519
31/12/2010,28.433216113249465
03/01/2011,28.487842539946236
04/01/2011,28.53845230023066
05/01/2011,28.58345355431239
06/01/2011,28.650118850072225
07/01/2011,28.69632593472798
10/01/2011,28.752593277295425
11/01/2011,28.81319251934687
12/01/2011,28.89396504640579
13/01/2011,28.951681813398995
14/01/2011,29.011585974693304
18/01/2011,29.071072877248127
19/01/2011,29.130874055226645
20/01/2011,29.186804714202886
21/01/2011,29.232561245759324
24/01/2011,29.300535177389776
25/01/2011,29.36901953697204
26/01/2011,29.451857280731197
27/01/2011,29.536250373522442
28/01/2011,29.606166439851126
31/01/2011,29.679906462828324
01/02/2011,29.766985418796548
02/02/2011,29.859054701328272
03/02/2011,29.939889939626067
04/02/2011,30.02812846501668
07/02/2011,30.122885699272153
08/02/2011,30.217831142743428
09/02/2011,30.306999329725905
10/02/2011,30.389576749006903
11/02/2011,30.475283583005268
14/02/2011,30.565099739233652
15/02/2011,30.644034312566117
16/02/2011,30.726192986170453
17/02/2011,30.816159900824225
18/02/2011,30.901696020762124
22/02/2011,30.963644938468924
23/02/2011,31.00449634949366
24/02/2011,31.0529089697202
25/02/2011,31.106830178896587
28/02/2011,31.16085894266764
01/03/2011,31.181939609050744
02/03/2011,31.209825639724734
03/03/2011,31.260483186244965
04/03/2011,31.308354504903157
07/03/2011,31.34861754894256
08/03/2011,31.38201689958572
09/03/2011,31.402974715232848
10/03/2011,31.390060213406894
11/03/2011,31.37948614676793
14/03/2011,31.38553295373917
15/03/2011,31.36550727128982
16/03/2011,31.30074662526448
17/03/2011,31.241646273930872
18/03/2011,31.191009822686517
21/03/2011,31.147377148469285
22/03/2011,31.098183879057565
23/03/2011,31.055186165968582
24/03/2011,31.036765367190043
25/03/2011,31.028967903455104
28/03/2011,31.016016692320505
29/03/2011,31.00583771149318
30/03/2011,31.00380759159724
31/03/2011,30.992371319135025
01/04/2011,30.97624197165171
04/04/2011,30.952905929088594
05/04/2011,30.95643336852392
06/04/2011,30.986495389143624
07/04/2011,31.005498402118683
08/04/2011,31.005801955858868
11/04/2011,31.004566844304396
12/04/2011,31.00856976668039
13/04/2011,31.002994818687444
14/04/2011,30.978603889942168
15/04/2011,30.966155602931984
18/04/2011,30.95259616931279
19/04/2011,30.927159568468728
20/04/2011,30.932257459958397
21/04/2011,30.96796265204747
25/04/2011,30.995774366060893
26/04/2011,31.038418233394623
27/04/2011,31.103428876399995
28/04/2011,31.200367289384207
29/04/2011,31.286038327217103
02/05/2011,31.36228381713231
03/05/2011,31.419035307566325
04/05/2011,31.470184716383613
05/05/2011,31.509605590502424
06/05/2011,31.53687091668446
09/05/2011,31.562291286786394
10/05/2011,31.601692205270133
11/05/2011,31.626963793436687
12/05/2011,31.659460023244225
13/05/2011,31.680440643628437
16/05/2011,31.68509586334228
17/05/2011,31.690384393533066
18/05/2011,31.707152151266733
19/05/2011,31.713279658953347
20/05/2011,31.717337304751076
23/05/2011,31.707596596876773
24/05/2011,31.696758244037625
25/05/2011,31.699660057226815
26/05/2011,31.70410950899124
27/05/2011,31.709992699623122
31/05/2011,31.72662432988485
01/06/2011,31.7288238366445
02/06/2011,31.72770590146383
03/06/2011,31.689240627288818
06/06/2011,31.64037029663721
07/06/2011,31.592274617354075
08/06/2011,31.523270755608877
09/06/2011,31.450066930452977
10/06/2011,31.35920654932658
13/06/2011,31.267636326154083
14/06/2011,31.193641738891596
15/06/2011,31.104461514949794
16/06/2011,31.018020931879676
17/06/2011,30.936060532728828
20/06/2011,30.853708644707996
21/06/2011,30.78650962591171
22/06/2011,30.699964553515116
23/06/2011,30.6341539200147
24/06/2011,30.54002466837565
27/06/2011,30.47392477114995
28/06/2011,30.432888872623444
29/06/2011,30.397066573301952
30/06/2011,30.362633771896363
01/07/2011,30.346379772027337
05/07/2011,30.331833546161654
06/07/2011,30.337912740707388
07/07/2011,30.361425793965658
08/07/2011,30.376781290372218
11/07/2011,30.371221114794405
12/07/2011,30.345959509213763
13/07/2011,30.306634280681614
14/07/2011,30.28345985492071
15/07/2011,30.266008220513662
18/07/2011,30.25573888778687
19/07/2011,30.28550113042196
20/07/2011,30.311587472756703
21/07/2011,30.35225916067759
22/07/2011,30.40526606003443
25/07/2011,30.463849476973213
26/07/2011,30.523844300905875
27/07/2011,30.540860199133554
28/07/2011,30.579925759633387
29/07/2011,30.60986275911331
01/08/2011,30.635608323415124
02/08/2011,30.63127421538035
03/08/2011,30.61669208963712
04/08/2011,30.56406540036201
05/08/2011,30.496694586277005
08/08/2011,30.39732346534729
09/08/2011,30.317389590342838
10/08/2011,30.188149178028105
11/08/2011,30.09010982513427
12/08/2011,29.984601771434143
15/08/2011,29.88481844981511
16/08/2011,29.778620513280238
17/08/2011,29.666095323562626
18/08/2011,29.492329826752343
19/08/2011,29.30030886848768
22/08/2011,29.131922910610836
23/08/2011,29.010511194070183
24/08/2011,28.89229331453642
25/08/2011,28.77028716603915
26/08/2011,28.66130040446917
29/08/2011,28.586626578569412
30/08/2011,28.478215416272484
31/08/2011,28.375389806429546
01/09/2011,28.25799900372823
02/09/2011,28.100341989596682
06/09/2011,27.939321842988335
07/09/2011,27.806534507274627
08/09/2011,27.694905025561656
09/09/2011,27.564595330953598
12/09/2011,27.458581219514212
13/09/2011,27.369024238586427
14/09/2011,27.324719481865564
15/09/2011,27.286879966656365
16/09/2011,27.30335653662682
19/09/2011,27.31475275794665
20/09/2011,27.370733014345166
21/09/2011,27.381063184340796
22/09/2011,27.399676903486256
23/09/2011,27.39697773337364
26/09/2011,27.408838231166197
27/09/2011,27.41647149324417
28/09/2011,27.419649711052575
29/09/2011,27.428625800609588
30/09/2011,27.459055253664655
03/10/2011,27.493224898179374
04/10/2011,27.54491504192352
05/10/2011,27.589137107531236
06/10/2011,27.64676421682039
07/10/2011,27.71920859058698
10/10/2011,27.79990501761436
11/10/2011,27.85399884740511
12/10/2011,27.91246459086736
13/10/2011,27.977355433305103
14/10/2011,28.068134922186545
17/10/2011,28.160759062369664
18/10/2011,28.265353366533912
19/10/2011,28.324724765618647
20/10/2011,28.388870280186335
21/10/2011,28.49037268439929
24/10/2011,28.59913542747497
25/10/2011,28.680677632490795
26/10/2011,28.750611693461735
27/10/2011,28.84272821029027
28/10/2011,28.934849433898922
31/10/2011,29.015045944452282
01/11/2011,29.07132265607516
02/11/2011,29.154236087004346
03/11/2011,29.29353916446368
04/11/2011,29.416373095115027
07/11/2011,29.522704185644784
08/11/2011,29.620674934387203
09/11/2011,29.690313172737753
10/11/2011,29.766945535341897
11/11/2011,29.896274531284963
14/11/2011,30.04086164832115
15/11/2011,30.16846107602119
16/11/2011,30.264345250129708
17/11/2011,30.319055258433025
18/11/2011,30.367699577808377
21/11/2011,30.369873793522515
22/11/2011,30.363474643627804
23/11/2011,30.329508421023682
25/11/2011,30.2816902355353
28/11/2011,30.252413680156074
29/11/2011,30.240986715555188
30/11/2011,30.27340085228285
01/12/2011,30.326701238552733
02/12/2011,30.384604618946714
05/12/2011,30.43563512603442
06/12/2011,30.47079098343849
07/12/2011,30.524075715939205
08/12/2011,30.550103662411367
09/12/2011,30.558230637311937
12/12/2011,30.538812803030016
13/12/2011,30.524926477670668
14/12/2011,30.524306636254
15/12/2011,30.50866384704907
16/12/2011,30.465582849582034
19/12/2011,30.413527733087534
20/12/2011,30.39143753170967
21/12/2011,30.33514418164889
22/12/2011,30.333554421265926
23/12/2011,30.334330396254863
27/12/2011,30.307923545440037
28/12/2011,30.275098549524948
29/12/2011,30.24434686819712
30/12/2011,30.21365277171135
03/01/2012,30.216241976420083
04/01/2012,30.223954577445983
05/01/2012,30.25963022033373
06/01/2012,30.30448405226071
09/01/2012,30.373381799062095
10/01/2012,30.454546027183532
11/01/2012,30.508038238286968
12/01/2012,30.568099789222078
13/01/2012,30.574703015883763
17/01/2012,30.584807237386702
18/01/2012,30.61461800297102
19/01/2012,30.639136426846193
20/01/2012,30.679797910451885
23/01/2012,30.71603987018267
24/01/2012,30.78098764459292
25/01/2012,30.82399009029071
26/01/2012,30.88769396583239
27/01/2012,30.967862337032955
30/01/2012,31.06260347247123
31/01/2012,31.159407886266706
01/02/2012,31.268620733817414
02/02/2012,31.388436392545703
03/02/2012,31.493909201224653
06/02/2012,31.619212558666867
07/02/2012,31.737277355988812
08/02/2012,31.850517068306612
09/02/2012,31.966026815970743
10/02/2012,32.081599938074746
13/02/2012,32.19058434486389
14/02/2012,32.308602095842375
15/02/2012,32.410703451633445
16/02/2012,32.5328293188413
17/02/2012,32.647099728584294
21/02/2012,32.7538469584783
22/02/2012,32.85378257155419
23/02/2012,32.95900499383608
24/02/2012,33.058545683225
27/02/2012,33.15709550062816
28/02/2012,33.27048408985137
29/02/2012,33.36713410059612
01/03/2012,33.44810312191645
02/03/2012,33.51865399281184
05/03/2012,33.56291556954383
06/03/2012,33.597157110770546
07/03/2012,33.628129706780115
08/03/2012,33.67303487261135
09/03/2012,33.72622239549955
12/03/2012,33.774313415288916
13/03/2012,33.84089360833168
14/03/2012,33.90590447862943
15/03/2012,33.968596016168604
16/03/2012,34.031776136954626
19/03/2012,34.08132681886356
20/03/2012,34.1320479007562
21/03/2012,34.17917965928714
22/03/2012,34.221049937009816
23/03/2012,34.26407246788344
26/03/2012,34.33687629183134
27/03/2012,34.40696081201235
28/03/2012,34.46930981675784
29/03/2012,34.537130790948865
30/03/2012,34.58517080744109
02/04/2012,34.63948938806852
03/04/2012,34.69416998108228
04/04/2012,34.73497056762377
05/04/2012,34.755373883644744
09/04/2012,34.764590189059575
10/04/2012,34.75533808906873
11/04/2012,34.74585184057553
12/04/2012,34.7637314983209
13/04/2012,34.760887213945395
16/04/2012,34.75870153546333
17/04/2012,34.78588697512944
18/04/2012,34.81034947554271
19/04/2012,34.8225281627973
20/04/2012,34.82162145853043
23/04/2012,34.800757026275
24/04/2012,34.78070593237876
25/04/2012,34.772100485563286
26/04/2012,34.77770718614261
27/04/2012,34.76399583935738
30/04/2012,34.75119214256604
01/05/2012,34.74042575160662
02/05/2012,34.73598681092262
03/05/2012,34.71442929466566
04/05/2012,34.67134032448132
07/05/2012,34.620702249606445
08/05/2012,34.546470655997595
09/05/2012,34.47001749952634
10/05/2012,34.39261295596758
11/05/2012,34.31620743632317
14/05/2012,34.23086811105411
15/05/2012,34.135535943905516
16/05/2012,34.03587414781252
17/05/2012,33.93911985437076
18/05/2012,33.83485674579938
21/05/2012,33.76230724930763
22/05/2012,33.70243081291516
23/05/2012,33.63153886516889
24/05/2012,33.538993645906444
25/05/2012,33.46278027574222
29/05/2012,33.400035002231604
30/05/2012,33.299777744611106
31/05/2012,33.20787597338359
01/06/2012,33.09256219704946
04/06/2012,32.979910997549695
05/06/2012,32.88798312346141
06/06/2012,32.82726054112116
07/06/2012,32.73078123728435
08/06/2012,32.63227903286616
11/06/2012,32.52416784326236
12/06/2012,32.43383467356364
13/06/2012,32.328543750445036
14/06/2012,32.2253033196926
15/06/2012,32.159539313713715
18/06/2012,32.115153565009436
19/06/2012,32.08395969788233
20/06/2012,32.06129628817241
21/06/2012,32.00903792421023
22/06/2012,31.972522985537854
25/06/2012,31.912502270142244
26/06/2012,31.861709247430174
27/06/2012,31.822679171959557
28/06/2012,31.784577763477966
29/06/2012,31.797743302981065
02/07/2012,31.82293847640356
03/07/2012,31.83899589220683
05/07/2012,31.85708568890891
06/07/2012,31.853680378993356
09/07/2012,31.847110884984335
10/07/2012,31.827007981141413
11/07/2012,31.789674988190335
12/07/2012,31.755988699992496
13/07/2012,31.74346965471903
16/07/2012,31.7523456243674
17/07/2012,31.76365013281504
18/07/2012,31.793605146408076
19/07/2012,31.809924173752467
20/07/2012,31.81445974548658
23/07/2012,31.79337828000386
24/07/2012,31.781576274236038
25/07/2012,31.76340777397155
26/07/2012,31.776224313179647
27/07/2012,31.807973580360407
30/07/2012,31.81631006479264
31/07/2012,31.820529424349473
01/08/2012,31.811721506516143
02/08/2012,31.798655689557393
03/08/2012,31.838844310442607
06/08/2012,31.874871273040764
07/08/2012,31.945786019961037
08/08/2012,32.01686029911042
09/08/2012,32.08325583696365
10/08/2012,32.16338881810506
13/08/2012,32.20402631163598
14/08/2012,32.243638723691305
15/08/2012,32.276113048791885
16/08/2012,32.331720784107844
17/08/2012,32.413880931536355
20/08/2012,32.500497882366176
21/08/2012,32.593955291112266
22/08/2012,32.686722261110944
23/08/2012,32.77996385653814
24/08/2012,32.86105786601702
27/08/2012,32.94552138368288
28/08/2012,33.02279055953026
29/08/2012,33.07325763543446
30/08/2012,33.092230429251984
31/08/2012,33.137194132010144
04/09/2012,33.197811872164415
05/09/2012,33.26815966963768
06/09/2012,33.35773278435071
07/09/2012,33.41822109063466
10/09/2012,33.44964021722477
11/09/2012,33.49116993943851
12/09/2012,33.536085091829314
13/09/2012,33.598870260715486
14/09/2012,33.67138322869936
17/09/2012,33.71529925862947
18/09/2012,33.748410953283305
19/09/2012,33.76380637049675
20/09/2012,33.77653961618741
21/09/2012,33.78962342580159
24/09/2012,33.79007149775823
25/09/2012,33.7815513575077
26/09/2012,33.770751631657284
27/09/2012,33.77356236338615
28/09/2012,33.753178566694274
01/10/2012,33.73505026022592
02/10/2012,33.72109173178672
03/10/2012,33.71154395023982
04/10/2012,33.70974829395612
05/10/2012,33.71650844136874
08/10/2012,33.714639319976165
09/10/2012,33.70137905240059
10/10/2012,33.682225490808484
11/10/2012,33.660299418767295
12/10/2012,33.65724298159281
15/10/2012,33.65571259021759
16/10/2012,33.667627342144655
17/10/2012,33.659182575543724
18/10/2012,33.61003061691919
19/10/2012,33.54812803109486
22/10/2012,33.49972711205483
23/10/2012,33.434430564244586
24/10/2012,33.36570666710536
25/10/2012,33.29248001257578
26/10/2012,33.22029075145721
31/10/2012,33.15318787018458
01/11/2012,33.11936282992364
02/11/2012,33.07409077922504
05/11/2012,33.03912780006728
06/11/2012,33.0123477435112
07/11/2012,32.9656766585509
08/11/2012,32.9179971508185
09/11/2012,32.88079126437505
12/11/2012,32.82656091252963
13/11/2012,32.7677415172259
14/11/2012,32.68973818918069
15/11/2012,32.6088410170873
16/11/2012,32.531046673258146
19/11/2012,32.46784147103627
20/11/2012,32.399347983797384
21/11/2012,32.340700292984636
23/11/2012,32.31579025546709
26/11/2012,32.30226709942022
27/11/2012,32.28200629631677
28/11/2012,32.26632032434146
29/11/2012,32.24294573187828
30/11/2012,32.19994070291519
03/12/2012,32.17636032581329
04/12/2012,32.170495839913684
05/12/2012,32.18574400981269
06/12/2012,32.199531377156575
07/12/2012,32.22770774126053
10/12/2012,32.26583013653756
11/12/2012,32.30381432175637
12/12/2012,32.33005010644594
13/12/2012,32.35069503823915
14/12/2012,32.3489024134477
17/12/2012,32.37016513824463
18/12/2012,32.40011273145676
19/12/2012,32.42146639625232
20/12/2012,32.47445629914602
21/12/2012,32.533910113175715
24/12/2012,32.586896644035974
26/12/2012,32.63525555769603
27/12/2012,32.691586188475284
28/12/2012,32.75131387412548
31/12/2012,32.82980651855469
02/01/2013,32.93979840258756
03/01/2013,33.022973920504256
04/01/2013,33.11117049475511
07/01/2013,33.19210136453311
08/01/2013,33.247170193195345
09/01/2013,33.308610520164166
10/01/2013,33.386932897567746
11/01/2013,33.46245606104532
14/01/2013,33.53576093037923
15/01/2013,33.61070791959763
16/01/2013,33.69114033182463
17/01/2013,33.777673552433654
18/01/2013,33.86407154361407
22/01/2013,33.950277845064804
23/01/2013,34.04832694013914
24/01/2013,34.13552608609199
25/01/2013,34.22645907481511
28/01/2013,34.3231562379996
29/01/2013,34.42012906432152
30/01/2013,34.50914192597072
31/01/2013,34.588246554136276
01/02/2013,34.66325985193252
04/02/2013,34.722911088466645
05/02/2013,34.790436960061385
06/02/2013,34.86439100305239
07/02/2013,34.939123332897815
08/02/2013,35.03118849635125
11/02/2013,35.12188476880392
12/02/2013,35.225605087677636
13/02/2013,35.31513961037
14/02/2013,35.370423613786706
15/02/2013,35.43467991550763
19/02/2013,35.50893014113109
20/02/2013,35.5674336930116
21/02/2013,35.61914888342221
22/02/2013,35.68281917015712
25/02/2013,35.71547237634659
26/02/2013,35.753315295775735
27/02/2013,35.81036445816358
28/02/2013,35.867256276210156
01/03/2013,35.92776727716129
04/03/2013,35.98280435005824
05/03/2013,36.05245570460955
06/03/2013,36.1211189186573
07/03/2013,36.174048149585715
08/03/2013,36.23559011181195
11/03/2013,36.28316541830698
12/03/2013,36.330024867852536
13/03/2013,36.38758083780607
14/03/2013,36.45926481684049
15/03/2013,36.524070329268774
18/03/2013,36.56639315168063
19/03/2013,36.617698839108144
20/03/2013,36.670310968955356
21/03/2013,36.70281672954559
22/03/2013,36.74722712477048
25/03/2013,36.77353659192721
26/03/2013,36.81313665429751
27/03/2013,36.853596036434176
28/03/2013,36.904386267264684
01/04/2013,36.94264693617821
02/04/2013,36.98420924186706
03/04/2013,37.007192712624864
04/04/2013,37.04865566770236
05/04/2013,37.092162210543954
08/04/2013,37.12388099153837
09/04/2013,37.185498553117114
10/04/2013,37.262417080799736
11/04/2013,37.315171507994336
12/04/2013,37.3642679989338
15/04/2013,37.38162823001544
16/04/2013,37.41361484011014
17/04/2013,37.404468618234006
18/04/2013,37.37957486152649
19/04/2013,37.33227628469468
22/04/2013,37.28255160888036
23/04/2013,37.25517327308655
24/04/2013,37.219674466451
25/04/2013,37.19513041218122
26/04/2013,37.15500297387442
29/04/2013,37.14556798974672
30/04/2013,37.15867696046829
01/05/2013,37.16229205091794
02/05/2013,37.172292371590935
03/05/2013,37.21613091429075
06/05/2013,37.251344615618386
07/05/2013,37.2941416490078
08/05/2013,37.331184825499854
09/05/2013,37.35928150534629
10/05/2013,37.38056155403455
13/05/2013,37.40559691230456
14/05/2013,37.437417654196416
15/05/2013,37.48832216620445
16/05/2013,37.546355894009274
17/05/2013,37.633740976254145
20/05/2013,37.70864297707875
21/05/2013,37.77790936390559
22/05/2013,37.805451809167856
23/05/2013,37.84305957357088
24/05/2013,37.88626006563504
28/05/2013,37.968625167608266
29/05/2013,38.03001940290133
30/05/2013,38.13010607043901
31/05/2013,38.23031214714051
03/06/2013,38.36260105808576
04/06/2013,38.488236465851465
05/06/2013,38.57370385448138
06/06/2013,38.66927654584249
07/06/2013,38.76447183767955
10/06/2013,38.8624924035867
11/06/2013,38.92252771615982
12/06/2013,38.958034427563355
13/06/2013,39.02390931646028
14/06/2013,39.0626378027598
17/06/2013,39.104514011542
18/06/2013,39.155604596535376
19/06/2013,39.19331397016843
20/06/2013,39.191126499573386
21/06/2013,39.18848075151443
24/06/2013,39.16155893762907
25/06/2013,39.159171678622556
26/06/2013,39.155979427099226
27/06/2013,39.15507359703383
28/06/2013,39.13674111008645
01/07/2013,39.10713312506677
02/07/2013,39.08071152210236
03/07/2013,39.05958652734757
05/07/2013,39.070060202280686
08/07/2013,39.07362510204316
09/07/2013,39.084093555609385
10/07/2013,39.089367924531295
11/07/2013,39.11385946750641
12/07/2013,39.12817668596904
15/07/2013,39.15786597172419
16/07/2013,39.17630111853281
17/07/2013,39.20324912230174
18/07/2013,39.25547570506732
19/07/2013,39.28923385500907
22/07/2013,39.31142964363099
23/07/2013,39.33302285869916
24/07/2013,39.366181637048726
25/07/2013,39.4082022579511
26/07/2013,39.42585952679316
29/07/2013,39.441770084698994
30/07/2013,39.450826990207034
31/07/2013,39.45112149437269
01/08/2013,39.47844438910484
02/08/2013,39.536637513637544
05/08/2013,39.60266978700956
06/08/2013,39.67449097712834
07/08/2013,39.72317908366521
08/08/2013,39.77255646944046
09/08/2013,39.80914878765741
12/08/2013,39.865354592800145
13/08/2013,39.91967079321543
14/08/2013,39.97076080401739
15/08/2013,39.985155271689095
16/08/2013,39.98010813434919
19/08/2013,39.969550721247984
20/08/2013,39.95920215169589
21/08/2013,39.93631146510442
22/08/2013,39.90193809111913
23/08/2013,39.86658037265142
26/08/2013,39.82335747877757
27/08/2013,39.75181832512221
28/08/2013,39.677789175113034
29/08/2013,39.60041836857796
30/08/2013,39.53382832328479
03/09/2013,39.474769067366914
04/09/2013,39.43574948549271
05/09/2013,39.40620393951734
06/09/2013,39.37654078364373
09/09/2013,39.36974969704946
10/09/2013,39.38784598032633
11/09/2013,39.40380506833394
12/09/2013,39.41376870075861
13/09/2013,39.41135279814402
16/09/2013,39.418759611447655
17/09/2013,39.431069748004276
18/09/2013,39.47538412213325
19/09/2013,39.53001376231511
20/09/2013,39.56683345794678
23/09/2013,39.60784277041753
24/09/2013,39.642262779474265
25/09/2013,39.67435824712118
26/09/2013,39.709227979977925
27/09/2013,39.76391485174497
30/09/2013,39.81743737141291
01/10/2013,39.89223511417707
02/10/2013,39.95701343973478
03/10/2013,40.013504702250174
04/10/2013,40.07227834264437
07/10/2013,40.117457427978515
08/10/2013,40.14036189516385
09/10/2013,40.19492197434108
10/10/2013,40.2794728509585
11/10/2013,40.37334452708563
14/10/2013,40.483487217823665
15/10/2013,40.5678666818142
16/10/2013,40.64793966015179
17/10/2013,40.71387842655182
18/10/2013,40.78799217144648
21/10/2013,40.84606539567311
22/10/2013,40.89149353702864
23/10/2013,40.92203997969627
24/10/2013,40.98463257114092
25/10/2013,41.046170784632366
28/10/2013,41.10499272982279
29/10/2013,41.179191776911416
30/10/2013,41.22380875984827
31/10/2013,41.25960415522256
01/11/2013,41.300987842082975
04/11/2013,41.35427192966144
05/11/2013,41.39533393462498
06/11/2013,41.44253357251485
07/11/2013,41.478597414493564
08/11/2013,41.54411796450614
11/11/2013,41.61961465040842
12/11/2013,41.68902628540992
13/11/2013,41.77616159717242
14/11/2013,41.86898896336555
15/11/2013,41.95917798360189
18/11/2013,42.05189465840657
19/11/2013,42.16633679588635
20/11/2013,42.27614533305168
21/11/2013,42.36934006969134
22/11/2013,42.44768976291021
25/11/2013,42.50772380431493
26/11/2013,42.5852200003465
27/11/2013,42.65859152674675
29/11/2013,42.742134633858996
02/12/2013,42.81348016023636
03/12/2013,42.88661169926325
04/12/2013,42.95304300705591
05/12/2013,43.023657787640886
06/12/2013,43.088275189002346
09/12/2013,43.14804761648179
10/12/2013,43.19786291519801
11/12/2013,43.21133217612902
12/12/2013,43.22666206677755
13/12/2013,43.26005378603934
16/12/2013,43.311297061443334
17/12/2013,43.350433479547505
18/12/2013,43.41378067771594
19/12/2013,43.46713557243346
20/12/2013,43.546732963323585
23/12/2013,43.61673902551333
24/12/2013,43.68750811100007
26/12/2013,43.75781040946643
27/12/2013,43.81370544354121
30/12/2013,43.876125615437836
31/12/2013,43.939885803858445
02/01/2014,43.99243000109991
03/01/2014,44.05239260673523
06/01/2014,44.10302417675655
07/01/2014,44.15563439528149
08/01/2014,44.21037810762723
09/01/2014,44.26660515626272
10/01/2014,44.32916732112567
13/01/2014,44.36106489777565
14/01/2014,44.4257466729482
15/01/2014,44.51413666208585
16/01/2014,44.59691800554593
17/01/2014,44.678928692340854
21/01/2014,44.76494174202283
22/01/2014,44.82260590394339
23/01/2014,44.877177457809445
24/01/2014,44.90709405978521
27/01/2014,44.945969976584124
28/01/2014,44.992216453552246
29/01/2014,45.02009033282598
30/01/2014,45.05277254144352
31/01/2014,45.07432913939159
03/02/2014,45.045387789408366
04/02/2014,45.02426499605178
05/02/2014,44.99661169846853
06/02/2014,44.95529646436374
07/02/2014,44.925357932249696
10/02/2014,44.89179014643033
11/02/2014,44.87302706519763
12/02/2014,44.86664898435275
13/02/2014,44.86925838152568
14/02/2014,44.89824043711027
18/02/2014,44.92625005960464
19/02/2014,44.95858444809913
20/02/2014,44.98481608271599
21/02/2014,45.010314600070316
24/02/2014,45.043587133487065
25/02/2014,45.05924825231234
26/02/2014,45.10150043964386
27/02/2014,45.11840500831604
28/02/2014,45.11307479143143
03/03/2014,45.10165984630585
04/03/2014,45.11837992787362
05/03/2014,45.13417347947755
06/03/2014,45.157776898940405
07/03/2014,45.18081778605779
10/03/2014,45.22937346100807
11/03/2014,45.2770712073644
12/03/2014,45.32959491372108
13/03/2014,45.36862173795701
14/03/2014,45.38200275580088
17/03/2014,45.42399616479874
18/03/2014,45.51947029630343
19/03/2014,45.600166297356296
20/03/2014,45.69914707382521
21/03/2014,45.794434932867695
24/03/2014,45.8648026351134
25/03/2014,45.9515796649456
26/03/2014,46.006224847634634
27/03/2014,46.03647840221723
28/03/2014,46.0493494518598
31/03/2014,46.07698068936666
01/04/2014,46.12493268370629
02/04/2014,46.17897606690725
03/04/2014,46.20899479786556
04/04/2014,46.20742313623428
07/04/2014,46.197841368516286
08/04/2014,46.20835635304451
09/04/2014,46.231869104703264
10/04/2014,46.20537188371022
11/04/2014,46.17132137854895
14/04/2014,46.16345526218414
15/04/2014,46.13689245025316
16/04/2014,46.11597912947336
17/04/2014,46.09581727504731
21/04/2014,46.08947200020155
22/04/2014,46.09788998246193
23/04/2014,46.10507080594698
24/04/2014,46.11162484407426
25/04/2014,46.10749014735222
28/04/2014,46.11475147128105
29/04/2014,46.1167912697792
30/04/2014,46.11188227216404
01/05/2014,46.09776068488756
02/05/2014,46.061799726883564
05/05/2014,46.032922579050066
06/05/2014,45.99722412625948
07/05/2014,45.9394427450498
08/05/2014,45.901671802600234
09/05/2014,45.877010837395986
12/05/2014,45.878204044898354
13/05/2014,45.84827308058739
14/05/2014,45.787476629018784
15/05/2014,45.714773864348736
16/05/2014,45.66919178764025
19/05/2014,45.665103689432144
20/05/2014,45.65278926650683
21/05/2014,45.637754064400994
22/05/2014,45.60770958026251
23/05/2014,45.63333898305893
27/05/2014,45.684884641965226
28/05/2014,45.71219467639922
29/05/2014,45.741886963049566
30/05/2014,45.76495733698209
02/06/2014,45.789427525202434
03/06/2014,45.80409264087678
04/06/2014,45.81376049041748
05/06/2014,45.85115338087082
06/06/2014,45.89966585874557
09/06/2014,45.984676614602414
10/06/2014,46.06015671888987
11/06/2014,46.11846274296442
12/06/2014,46.153244984944656
13/06/2014,46.223565936883304
16/06/2014,46.29454534371695
17/06/2014,46.37209598302841
18/06/2014,46.48053684949875
19/06/2014,46.59210225621858
20/06/2014,46.69777600447337
23/06/2014,46.80481675545374
24/06/2014,46.877394683758425
25/06/2014,46.96353383104007
26/06/2014,47.05734456896782
27/06/2014,47.17096925695737
30/06/2014,47.275353049039836
01/07/2014,47.39763473471006
02/07/2014,47.53936100443205
03/07/2014,47.680673624277105
07/07/2014,47.80782468438149
08/07/2014,47.90691479484239
09/07/2014,48.00042194883029
10/07/2014,48.09840832908948
11/07/2014,48.19501044154167
14/07/2014,48.30222322185834
15/07/2014,48.40109996318817
16/07/2014,48.51952914158503
17/07/2014,48.61326671123505
18/07/2014,48.70120840946834
21/07/2014,48.77081793109576
22/07/2014,48.848656653563175
23/07/2014,48.920110665559775
24/07/2014,49.01137921531994
25/07/2014,49.104580593109134
28/07/2014,49.180391287008916
29/07/2014,49.24274277528127
30/07/2014,49.30104471961657
31/07/2014,49.31023606618245
01/08/2014,49.31545535365741
04/08/2014,49.33522252043088
05/08/2014,49.336756110588716
06/08/2014,49.34393303434054
07/08/2014,49.336136595010764
08/08/2014,49.34248643040657
11/08/2014,49.34909812172255
12/08/2014,49.345533137718824
13/08/2014,49.327761920690534
14/08/2014,49.30152191758155
15/08/2014,49.272035226424535
18/08/2014,49.26572360078494
19/08/2014,49.28306171139081
20/08/2014,49.292144500017166
21/08/2014,49.31501328746478
22/08/2014,49.332347247997916
25/08/2014,49.339718469381324
26/08/2014,49.358384824196506
27/08/2014,49.35460338950158
28/08/2014,49.366975511312475
29/08/2014,49.3733537987868
02/09/2014,49.37932689905166
03/09/2014,49.371122186581296
04/09/2014,49.368352691332504
05/09/2014,49.356841282049814
08/09/2014,49.36223293423652
09/09/2014,49.359542180299755
10/09/2014,49.37077761769295
11/09/2014,49.383325041135166
12/09/2014,49.416022683382046
15/09/2014,49.43671166777611
16/09/2014,49.46042807618777
17/09/2014,49.49704132874806
18/09/2014,49.55213302135468
19/09/2014,49.60818979183833
22/09/2014,49.640035440524414
23/09/2014,49.65460365255673
24/09/2014,49.69053090333939
25/09/2014,49.687704656918854
26/09/2014,49.7009308497111
29/09/2014,49.70967369198799
30/09/2014,49.70422182401022
01/10/2014,49.658226302464804
02/10/2014,49.612445933421455
03/10/2014,49.57162784218789
06/10/2014,49.528764287630715
07/10/2014,49.460937098264694
08/10/2014,49.422123333613065
09/10/2014,49.35494671781858
10/10/2014,49.23811649799347
13/10/2014,49.08619178811709
14/10/2014,48.945027195215225
15/10/2014,48.808592669963836
16/10/2014,48.67629701892535
17/10/2014,48.55245745023092
20/10/2014,48.41115741093954
21/10/2014,48.30196551561355
22/10/2014,48.169051061868664
23/10/2014,48.06732533812523
24/10/2014,48.00085014740626
27/10/2014,47.9498972249031
28/10/2014,47.91047590216001
29/10/2014,47.874749987920126
30/10/2014,47.82480155865351
31/10/2014,47.820017337401715
03/11/2014,47.83068622668584
04/11/2014,47.85358286778132
05/11/2014,47.86268588781357
06/11/2014,47.89253541668258
07/11/2014,47.90696307261786
10/11/2014,47.927155518531805
11/11/2014,47.94720222751299
12/11/2014,47.997483920653664
13/11/2014,48.05319540381432
14/11/2014,48.104805370966595
17/11/2014,48.1502001607418
18/11/2014,48.231460103193925
19/11/2014,48.27235675374667
20/11/2014,48.35340594530105
21/11/2014,48.49528327266375
24/11/2014,48.68150687535604
25/11/2014,48.860512765248615
26/11/2014,49.02599448839824
28/11/2014,49.19975694855053
01/12/2014,49.345643893877664
02/12/2014,49.516612162192665
03/12/2014,49.67565480391185
04/12/2014,49.85300235470136
05/12/2014,50.002459219296775
08/12/2014,50.10720715483029
09/12/2014,50.22544420361519
10/12/2014,50.290649057229366
11/12/2014,50.35831301490465
12/12/2014,50.40997397462526
15/12/2014,50.40443872094155
16/12/2014,50.37765545566877
17/12/2014,50.381325119336445
18/12/2014,50.43094282627105
19/12/2014,50.48683235168457
22/12/2014,50.5652579331398
23/12/2014,50.640555903514226
24/12/2014,50.71936289509138
26/12/2014,50.80366009751956
29/12/2014,50.8760571595033
30/12/2014,50.922464587688445
31/12/2014,50.96295016288758
02/01/2015,50.989679903984076
05/01/2015,50.994149616161984
06/01/2015,50.96202318151792
07/01/2015,50.93407628417015
08/01/2015,50.927346569697065
09/01/2015,50.919889223575595
12/01/2015,50.89807579636574
13/01/2015,50.8613771422704
14/01/2015,50.82688988129297
15/01/2015,50.75622916738193
16/01/2015,50.699887714783344
20/01/2015,50.65224667628606
21/01/2015,50.591726877689354
22/01/2015,50.580027140378945
23/01/2015,50.549720274209974
26/01/2015,50.53633714040121
27/01/2015,50.47889770746231
28/01/2015,50.42040008624396
29/01/2015,50.40794026613236
30/01/2015,50.36957114338875
02/02/2015,50.314617680708565
03/02/2015,50.240409833590185
04/02/2015,50.16735799113909
05/02/2015,50.092629784742996
06/02/2015,50.007651106119155
09/02/2015,49.91847190817197
10/02/2015,49.85343800266584
11/02/2015,49.79445486744245
12/02/2015,49.775224965016044
13/02/2015,49.78434292674065
17/02/2015,49.80104761441549
18/02/2015,49.852345552841825
19/02/2015,49.93984459201495
20/02/2015,50.028340866168335
23/02/2015,50.07133963187535
24/02/2015,50.12135373950005
25/02/2015,50.179874869585035
26/02/2015,50.249007362524665
27/02/2015,50.3224705239137
02/03/2015,50.435024826924014
03/03/2015,50.49524206201235
04/03/2015,50.53269468824069
05/03/2015,50.577916119098646
06/03/2015,50.566832427581154
09/03/2015,50.57023668487867
10/03/2015,50.550411244233445
11/03/2015,50.568048285643265
12/03/2015,50.60880805770556
13/03/2015,50.62212113777797
16/03/2015,50.703010656833655
17/03/2015,50.76259176969528
18/03/2015,50.80945755124092
19/03/2015,50.85729548851649
20/03/2015,50.90737989068032
23/03/2015,50.95635913173358
24/03/2015,50.997984590133036
25/03/2015,50.95400928378105
26/03/2015,50.908372441132855
27/03/2015,50.84672810514768
30/03/2015,50.799938547611234
31/03/2015,50.73066566785176
01/04/2015,50.65375486135482
02/04/2015,50.56799973726272
06/04/2015,50.481441719929364
07/04/2015,50.402215003967285
08/04/2015,50.32328706701597
09/04/2015,50.26951917330424
10/04/2015,50.2224218738079
13/04/2015,50.17300568540891
14/04/2015,50.09987993041674
15/04/2015,50.076424680948264
16/04/2015,50.060524074236554
17/04/2015,50.01947215954462
20/04/2015,50.03827146251996
21/04/2015,50.049759968916575
22/04/2015,50.10745485424995
23/04/2015,50.17168338537216
24/04/2015,50.230936417579635
27/04/2015,50.29209343393643
28/04/2015,50.329914229710894
29/04/2015,50.36232627113661
30/04/2015,50.36037108580271
01/05/2015,50.38011598944663
04/05/2015,50.37900985161464
05/05/2015,50.35454516251882
06/05/2015,50.325505348841354
07/05/2015,50.3614771648248
08/05/2015,50.41992067535718
11/05/2015,50.46408184250195
12/05/2015,50.47233608404796
13/05/2015,50.5095340748628
14/05/2015,50.57264164249103
15/05/2015,50.63163539330165
18/05/2015,50.6867208023866
19/05/2015,50.73605981628101
20/05/2015,50.784806725184126
21/05/2015,50.82810034513474
22/05/2015,50.859433411757145
26/05/2015,50.87541922648748
27/05/2015,50.927030287981026
28/05/2015,50.964046417077384
29/05/2015,50.98847093860308
01/06/2015,51.04103904048601
02/06/2015,51.05467066407205
03/06/2015,51.067790964444484
04/06/2015,51.04497069080671
05/06/2015,51.01683236956596
08/06/2015,50.96361804326376
09/06/2015,50.90782980720202
10/06/2015,50.87655483007431
11/06/2015,50.854883724848435
12/06/2015,50.83683006326357
15/06/2015,50.78583378871282
16/06/2015,50.74659428993861
17/06/2015,50.74330845912298
18/06/2015,50.772396652698525
19/06/2015,50.78578944722811
22/06/2015,50.79396214365959
23/06/2015,50.80108612418175
24/06/2015,50.80250570019085
25/06/2015,50.78941407084465
26/06/2015,50.73176265557606
29/06/2015,50.646097676754
30/06/2015,50.54997264146806
01/07/2015,50.4707208955288
02/07/2015,50.39149165352186
06/07/2015,50.29614446759224
07/07/2015,50.207468870878216
08/07/2015,50.11938123742739
09/07/2015,50.00347023646037
10/07/2015,49.889581762949625
13/07/2015,49.81438321709633
14/07/2015,49.74224421660106
15/07/2015,49.67641134540239
16/07/2015,49.619750660459204
17/07/2015,49.58327936669191
20/07/2015,49.54641492346922
21/07/2015,49.51402731676897
22/07/2015,49.45914801220099
23/07/2015,49.38596675813199
24/07/2015,49.29501519083977
27/07/2015,49.20394245286783
28/07/2015,49.14194769958655
29/07/2015,49.0747798460722
30/07/2015,49.021564050515494
31/07/2015,48.95045044283072
03/08/2015,48.8789784270525
04/08/2015,48.78711839179198
05/08/2015,48.721746637622516
06/08/2015,48.64934425135454
07/08/2015,48.58222517947357
10/08/2015,48.56276658892631
11/08/2015,48.550854746301965
12/08/2015,48.547289877335224
13/08/2015,48.52419935743015
14/08/2015,48.50534862816335
17/08/2015,48.50865725974243
18/08/2015,48.495331260164576
19/08/2015,48.48736587504547
20/08/2015,48.43569178124269
21/08/2015,48.33631486157576
24/08/2015,48.16514710088571
25/08/2015,47.97137140075366
26/08/2015,47.84100385189056
27/08/2015,47.73307659566403
28/08/2015,47.635366820096976
31/08/2015,47.53438358386357
01/09/2015,47.40387341141701
02/09/2015,47.3277349102497
03/09/2015,47.25534349997838
04/09/2015,47.178749358654024
08/09/2015,47.17470887939135
09/09/2015,47.12432422538598
10/09/2015,47.0814142938455
11/09/2015,47.02252727965514
14/09/2015,46.96300014833609
15/09/2015,46.92901369770368
16/09/2015,46.91416004796823
17/09/2015,46.869407440423956
18/09/2015,46.816964923739434
21/09/2015,46.77187941292923
22/09/2015,46.67766997297604
23/09/2015,46.61128381431102
24/09/2015,46.53390193541845
25/09/2015,46.47086721420288
28/09/2015,46.36303005417189
29/09/2015,46.24946718196073
30/09/2015,46.19833220938841
01/10/2015,46.178441010912266
02/10/2015,46.224911908706034
05/10/2015,46.346465154886246
06/10/2015,46.522969736854236
07/10/2015,46.71421651224295
08/10/2015,46.853879343668616
09/10/2015,46.966183383067445
12/10/2015,47.06805216113726
13/10/2015,47.1649334337314
14/10/2015,47.31952395260334
15/10/2015,47.459564018448205
16/10/2015,47.59090278883774
19/10/2015,47.745994438330335
20/10/2015,47.81273661156495
21/10/2015,47.908344337940214
22/10/2015,48.03321141302587
23/10/2015,48.17108404020469
26/10/2015,48.29805865486463
27/10/2015,48.39476723492145
28/10/2015,48.50350692351659
29/10/2015,48.59938265701136
30/10/2015,48.72400775154431
02/11/2015,48.857769310077025
03/11/2015,49.02621286710102
04/11/2015,49.18172194560369
05/11/2015,49.33591425657272
06/11/2015,49.4905592139562
09/11/2015,49.66255009512106
10/11/2015,49.822828358411776
11/11/2015,49.93752623359362
12/11/2015,50.01990406274796
13/11/2015,50.049544044534365
16/11/2015,50.06137709955375
17/11/2015,50.08197409311931
18/11/2015,50.12622706909975
19/11/2015,50.162981772820146
20/11/2015,50.20128302733103
23/11/2015,50.23128310064476
24/11/2015,50.285481137434644
25/11/2015,50.31916711767515
27/11/2015,50.34540138244628
30/11/2015,50.37945664604506
01/12/2015,50.42511651794116
02/12/2015,50.48896790067354
03/12/2015,50.52518921812374
04/12/2015,50.54949764927228
07/12/2015,50.537337865829464
08/12/2015,50.54218740344048
09/12/2015,50.53178497036298
10/12/2015,50.50069412748019
11/12/2015,50.478495608965545
14/12/2015,50.45686407208443
15/12/2015,50.434870639642085
16/12/2015,50.41913294672967
17/12/2015,50.388313942750294
18/12/2015,50.33700383981069
21/12/2015,50.29315957744915
22/12/2015,50.28477420886357
23/12/2015,50.29413255691529
24/12/2015,50.30282414555549
28/12/2015,50.32639586488405
29/12/2015,50.39583732287088
30/12/2015,50.43245968858402
31/12/2015,50.43316200296085
04/01/2016,50.37922747015953
05/01/2016,50.322735191980996
06/01/2016,50.23045927127204
07/01/2016,50.114014716148375
08/01/2016,49.96124061187109
11/01/2016,49.82511023084323
12/01/2016,49.69554860194525
13/01/2016,49.51263745903968
14/01/2016,49.34191927274067
15/01/2016,49.13943385799726
19/01/2016,48.95078787406286
20/01/2016,48.71501395781836
21/01/2016,48.507130254109704
22/01/2016,48.3205357905229
25/01/2016,48.136522430976235
26/01/2016,47.96472248117128
27/01/2016,47.78907166481018
28/01/2016,47.61399571140608
29/01/2016,47.474279372294745
01/02/2016,47.31940505504608
02/02/2016,47.148433920939766
03/02/2016,47.01587504665057
04/02/2016,46.875199552774426
05/02/2016,46.65347809990248
08/02/2016,46.38543538232645
09/02/2016,46.1010730612278
10/02/2016,45.81987902343273
11/02/2016,45.515796368916824
12/02/2016,45.24881350537142
16/02/2016,45.04257246851921
17/02/2016,44.904651950399085
18/02/2016,44.734216990868255
19/02/2016,44.59286350190639
22/02/2016,44.505580997665724
23/02/2016,44.421220383842794
24/02/2016,44.34677771548429
25/02/2016,44.28204208910465
26/02/2016,44.25658405164877
29/02/2016,44.193367648720745
01/03/2016,44.21305121958255
02/03/2016,44.249536730249716
03/03/2016,44.30709757109483
04/03/2016,44.35412035763263
07/03/2016,44.38091755568981
08/03/2016,44.41082479854424
09/03/2016,44.43580117523669
10/03/2016,44.476775879263876
11/03/2016,44.54335722307364
14/03/2016,44.56001866996288
15/03/2016,44.56862567444642
16/03/2016,44.637504996260006
17/03/2016,44.70851488490899
18/03/2016,44.79971503953139
21/03/2016,44.950830577413235
22/03/2016,45.14007844209671
23/03/2016,45.31797006507714
24/03/2016,45.5003853726387
28/03/2016,45.691220391392704
29/03/2016,45.88531604528427
30/03/2016,46.04918620447317
31/03/2016,46.178865644534426
01/04/2016,46.35592546403408
04/04/2016,46.530815296967816
05/04/2016,46.66825486818949
06/04/2016,46.84172423760096
07/04/2016,46.97261518041293
08/04/2016,47.085550086100895
11/04/2016,47.19956208427747
12/04/2016,47.33166130860646
13/04/2016,47.449561352729795
14/04/2016,47.55331135988236
15/04/2016,47.65114860892296
18/04/2016,47.76815316915512
19/04/2016,47.8644093088309
20/04/2016,47.98835663676262
21/04/2016,48.10787754376729
22/04/2016,48.2157342950503
25/04/2016,48.29686155120532
26/04/2016,48.38268395543098
27/04/2016,48.47893515189489
28/04/2016,48.533684715827306
29/04/2016,48.5566803610325
02/05/2016,48.56160874406497
03/05/2016,48.550146044095364
04/05/2016,48.522877382437386
05/05/2016,48.520443107287086
06/05/2016,48.510189025799434
09/05/2016,48.49748503923417
10/05/2016,48.484614783128116
11/05/2016,48.45665771603585
12/05/2016,48.42139484723409
13/05/2016,48.36658582846324
16/05/2016,48.328977121512104
17/05/2016,48.28883202195168
18/05/2016,48.24103678584099
19/05/2016,48.20753844896952
20/05/2016,48.20095237692196
23/05/2016,48.19884500185649
24/05/2016,48.229161756038664
25/05/2016,48.24367139538129
26/05/2016,48.27092511812846
27/05/2016,48.31098968068759
31/05/2016,48.34338431358337
01/06/2016,48.39499973217647
02/06/2016,48.445480566422134
03/06/2016,48.482876595258716
06/06/2016,48.538707404931394
07/06/2016,48.599280271927526
08/06/2016,48.658255492846166
09/06/2016,48.70554512023925
10/06/2016,48.756024984121325
13/06/2016,48.812063559691104
14/06/2016,48.86497753500937
15/06/2016,48.93362246155739
16/06/2016,49.02026833732923
17/06/2016,49.096891260147096
20/06/2016,49.19705968578657
21/06/2016,49.3091045320034
22/06/2016,49.37724248011907
23/06/2016,49.49046424388886
24/06/2016,49.53183417995771
27/06/2016,49.54049681067467
28/06/2016,49.56486987551054
29/06/2016,49.647108689546585
30/06/2016,49.75129827658336
01/07/2016,49.859101959864304
05/07/2016,49.920049759546906
06/07/2016,49.9899710003535
07/07/2016,50.03118488709133
08/07/2016,50.092716832955674
11/07/2016,50.15439413865408
12/07/2016,50.22361048062642
13/07/2016,50.287952598730726
14/07/2016,50.35574560165405
15/07/2016,50.415746978918705
18/07/2016,50.48882029453913
19/07/2016,50.55083155632019
20/07/2016,50.62865380605062
21/07/2016,50.68294021050135
22/07/2016,50.76234704176585
25/07/2016,50.86108439207077
26/07/2016,50.99623069842656
27/07/2016,51.12591047207515
28/07/2016,51.262493623097726
29/07/2016,51.37075125614801
01/08/2016,51.49250787893932
02/08/2016,51.57243033965428
03/08/2016,51.64320011218389
04/08/2016,51.74018091917037
05/08/2016,51.82683688640594
08/08/2016,51.98413195689519
09/08/2016,52.18553535938263
10/08/2016,52.33896229743957
11/08/2016,52.46631021817526
12/08/2016,52.56007645765942
15/08/2016,52.67671710888544
16/08/2016,52.800963474909466
17/08/2016,52.90666779120763
18/08/2016,53.01151571591695
19/08/2016,53.09844173351924
22/08/2016,53.176265285015106
23/08/2016,53.239198435147614
24/08/2016,53.28770129601162
25/08/2016,53.33424055417379
26/08/2016,53.38762421369553
29/08/2016,53.442265320618944
30/08/2016,53.50046267588933
31/08/2016,53.5299877945582
01/09/2016,53.589014495213824
02/09/2016,53.63816337585448
06/09/2016,53.69145862579345
07/09/2016,53.73092134396235
08/09/2016,53.76118457714716
09/09/2016,53.74991338491439
12/09/2016,53.78731333653133
13/09/2016,53.80202669302622
14/09/2016,53.8378327957789
15/09/2016,53.90027003685633
16/09/2016,53.94467761357625
19/09/2016,53.966251836617786
20/09/2016,53.99033484458924
21/09/2016,54.04005052487056
22/09/2016,54.114509759744024
23/09/2016,54.16530977646511
26/09/2016,54.20617395957311
27/09/2016,54.259897646109266
28/09/2016,54.325525115331004
29/09/2016,54.38811588525772
30/09/2016,54.45490067879359
03/10/2016,54.50481214284897
04/10/2016,54.55329741954803
05/10/2016,54.6073788412412
06/10/2016,54.675262866020205
07/10/2016,54.73331899245581
10/10/2016,54.792766770521794
11/10/2016,54.81366975545882
12/10/2016,54.83418595393499
13/10/2016,54.85108250141144
14/10/2016,54.864695573647815
17/10/2016,54.85957090934119
18/10/2016,54.85779258410135
19/10/2016,54.83820002953212
20/10/2016,54.82756829897562
21/10/2016,54.85761332194011
24/10/2016,54.885534961223605
25/10/2016,54.925627988974256
26/10/2016,54.96588385502497
27/10/2016,54.97230569442113
28/10/2016,54.98820423205693
31/10/2016,55.00350901762645
01/11/2016,55.0053423277537
02/11/2016,54.95784805933634
03/11/2016,54.90265136877696
04/11/2016,54.856879107952125
07/11/2016,54.86410570303599
08/11/2016,54.846178828875225
09/11/2016,54.82709974368413
10/11/2016,54.79915596087774
11/11/2016,54.77511695067087
14/11/2016,54.7468054596583
15/11/2016,54.74492098490398
16/11/2016,54.741595653692876
17/11/2016,54.755241641203575
18/11/2016,54.77845568736395
21/11/2016,54.80928260246914
22/11/2016,54.878316697279615
23/11/2016,54.945068900585156
25/11/2016,55.03608426650364
28/11/2016,55.11954619805018
29/11/2016,55.21103496472042
30/11/2016,55.2760378742218
01/12/2016,55.2847079873085
02/12/2016,55.30512665192286
05/12/2016,55.336705784797665
06/12/2016,55.36154232343038
07/12/2016,55.43637611230215
08/12/2016,55.51158376852671
09/12/2016,55.58606259425481
12/12/2016,55.656146155198414
13/12/2016,55.75079689025879
14/12/2016,55.855251356760654
15/12/2016,55.97759768644969
16/12/2016,56.07618848800659
19/12/2016,56.19904235760371
20/12/2016,56.293903294404345
21/12/2016,56.38165534257888
22/12/2016,56.46887498696647
23/12/2016,56.57511845270794
27/12/2016,56.67270735184352
28/12/2016,56.76206998109816
29/12/2016,56.828402125040704
30/12/2016,56.870321890513104
03/01/2017,56.909240276018785
04/01/2017,56.95092513720194
05/01/2017,56.97914716084798
06/01/2017,57.011405194600435
09/01/2017,57.056457945505784
10/01/2017,57.08585518836976
11/01/2017,57.129896755218496
12/01/2017,57.16756864865621
13/01/2017,57.22851340929668
17/01/2017,57.34028776486714
18/01/2017,57.452503302892055
19/01/2017,57.54822825431823
20/01/2017,57.64251811981201
23/01/2017,57.695584964752186
24/01/2017,57.787064949671446
25/01/2017,57.91151142597198
26/01/2017,58.026880162556964
27/01/2017,58.13399978796641
30/01/2017,58.23390879313151
31/01/2017,58.31695987701416
01/02/2017,58.43066244443257
02/02/2017,58.52869426250457
03/02/2017,58.626145933469125
06/02/2017,58.72861321926117
07/02/2017,58.83132932504019
08/02/2017,58.92903762817383
09/02/2017,59.04591123580932
10/02/2017,59.176582438151044
13/02/2017,59.31873218218486
14/02/2017,59.47287913322448
15/02/2017,59.62659538586935
16/02/2017,59.76998258272805
17/02/2017,59.920071099599205
21/02/2017,60.075183820724476
22/02/2017,60.217547675768536
23/02/2017,60.36096711794536
24/02/2017,60.497682785987855
27/02/2017,60.63906354109447
28/02/2017,60.76439464728038
01/03/2017,60.9355882914861
02/03/2017,61.081176133155815
03/03/2017,61.23383572260538
06/03/2017,61.369501969019566
07/03/2017,61.50431000868478
08/03/2017,61.60234398682911
09/03/2017,61.66726368268331
10/03/2017,61.758736192385356
13/03/2017,61.83691193580629
14/03/2017,61.92645950635275
15/03/2017,62.049595788319905
16/03/2017,62.17114287535348
17/03/2017,62.29531446774799
20/03/2017,62.40566661198934
21/03/2017,62.48265926520029
22/03/2017,62.57461646715799
23/03/2017,62.66926208496094
24/03/2017,62.744646472930924
27/03/2017,62.82695803642272
28/03/2017,62.90892435391744
29/03/2017,62.99511138121288
30/03/2017,63.07285453637443
31/03/2017,63.15461635271707
03/04/2017,63.22401355743407
04/04/2017,63.27684175173441
05/04/2017,63.3212587594986
06/04/2017,63.37527551968892
07/04/2017,63.42151893456777
10/04/2017,63.46195494969686
11/04/2017,63.51146388212841
12/04/2017,63.5149438826243
13/04/2017,63.524019287427265
17/04/2017,63.54598115603128
18/04/2017,63.57146488825481
19/04/2017,63.59379139582315
20/04/2017,63.632436761856084
21/04/2017,63.66630231539407
24/04/2017,63.71503086884816
25/04/2017,63.77525620142618
26/04/2017,63.82531813939413
27/04/2017,63.881629288991306
28/04/2017,63.91498498598734
01/05/2017,63.95130292097728
02/05/2017,63.98671713352204
03/05/2017,64.05574486891427
04/05/2017,64.1101786406835
05/05/2017,64.16533768494925
08/05/2017,64.20567470232646
09/05/2017,64.24891473929088
10/05/2017,64.29206120173136
11/05/2017,64.32760406812032
12/05/2017,64.35620995521546
15/05/2017,64.39797027270001
16/05/2017,64.46212376117707
17/05/2017,64.46153281370798
18/05/2017,64.47937592029572
19/05/2017,64.51409964402517
22/05/2017,64.56823473612467
23/05/2017,64.629973971049
24/05/2017,64.70963586648304
25/05/2017,64.81653473059336
26/05/2017,64.93267533779144
30/05/2017,65.04445170879363
31/05/2017,65.15350185553233
01/06/2017,65.26694965521497
02/06/2017,65.3778517373403
05/06/2017,65.49672919432322
06/06/2017,65.58799757321677
07/06/2017,65.66656060695648
08/06/2017,65.76709987640379
09/06/2017,65.77561495939891
12/06/2017,65.80133697986602
13/06/2017,65.83944419066111
14/06/2017,65.85757441202799
15/06/2017,65.86314347902933
16/06/2017,65.86957080682119
19/06/2017,65.90975951512655
20/06/2017,65.93915050029754
21/06/2017,65.98292403380076
22/06/2017,66.02774569193522
23/06/2017,66.10280626932781
26/06/2017,66.16605174382528
27/06/2017,66.18155175685882
28/06/2017,66.20759321689604
29/06/2017,66.26033452669779
30/06/2017,66.29531432151795
03/07/2017,66.2767154677709
05/07/2017,66.2626016696294
06/07/2017,66.23440831502279
07/07/2017,66.22200182914735
10/07/2017,66.20905487378438
11/07/2017,66.21090358098346
12/07/2017,66.22955666542053
13/07/2017,66.24219920317333
14/07/2017,66.27741914431255
17/07/2017,66.29331791877746
18/07/2017,66.31975723425548
19/07/2017,66.34896949927013
20/07/2017,66.37475035508473
21/07/2017,66.38169496854147
24/07/2017,66.45985853989917
25/07/2017,66.53759249051411
26/07/2017,66.60172660509745
27/07/2017,66.64560219605764
28/07/2017,66.67332085291544
31/07/2017,66.69240586280822
01/08/2017,66.68974424839021
02/08/2017,66.6874913565318
03/08/2017,66.65919502258302
04/08/2017,66.61755727926891
07/08/2017,66.55970130284626
08/08/2017,66.50394792556763
09/08/2017,66.48248351732889
10/08/2017,66.39201073646545
11/08/2017,66.36182984670003
14/08/2017,66.38053930918375
15/08/2017,66.4244578409195
16/08/2017,66.46068319797517
17/08/2017,66.4640869808197
18/08/2017,66.44105072975158
21/08/2017,66.40401601473492
22/08/2017,66.38474457899729
23/08/2017,66.33431188265482
24/08/2017,66.29248372077942
25/08/2017,66.22968830903372
28/08/2017,66.17260210673012
29/08/2017,66.11213893413546
30/08/2017,66.07208402633667
31/08/2017,66.0428783782323
01/09/2017,66.0277782646815
05/09/2017,65.99230367819467
06/09/2017,65.95865654786427
07/09/2017,65.91957849184674
08/09/2017,65.90654805024465
11/09/2017,65.95664958794912
12/09/2017,66.02300883293154
13/09/2017,66.06615161577858
14/09/2017,66.12326832771302
15/09/2017,66.19447130362194
18/09/2017,66.28452601909638
19/09/2017,66.37592189788818
20/09/2017,66.45240311304728
21/09/2017,66.5214814376831
22/09/2017,66.64845942497251
25/09/2017,66.72672822316488
26/09/2017,66.76535324255624
27/09/2017,66.84438258330029
28/09/2017,66.91332179705303
29/09/2017,67.04723911762237
02/10/2017,67.17906815052032
03/10/2017,67.31106954892475
04/10/2017,67.41446194489797
05/10/2017,67.52966708024343
06/10/2017,67.65648846785227
09/10/2017,67.78911258538565
10/10/2017,67.92680768330891
11/10/2017,68.06525597731273
12/10/2017,68.18096587181091
13/10/2017,68.30113338311513
16/10/2017,68.41812768936158
17/10/2017,68.54354194641112
18/10/2017,68.69799130598705
19/10/2017,68.88165370782215
20/10/2017,69.10367231051127
23/10/2017,69.28717979272207
24/10/2017,69.46116641680399
25/10/2017,69.61780763785045
26/10/2017,69.8199544064204
27/10/2017,70.03817749818167
30/10/2017,70.22399429003397
31/10/2017,70.41828971068065
01/11/2017,70.62778394699097
02/11/2017,70.8523476600647
03/11/2017,71.07265243848164
06/11/2017,71.31272982120515
07/11/2017,71.55491630077361
08/11/2017,71.7699790064494
09/11/2017,71.94166724363963
10/11/2017,72.09845570723215
13/11/2017,72.25544153849283
14/11/2017,72.41867357730865
15/11/2017,72.55978484153749
16/11/2017,72.7280381043752
17/11/2017,72.87448309421538
20/11/2017,73.02705275535583
21/11/2017,73.19483490467071
22/11/2017,73.3417165740331
24/11/2017,73.49744150002797
27/11/2017,73.61944715340931
28/11/2017,73.7611762158076
29/11/2017,73.840298260053
30/11/2017,73.90734994888304
01/12/2017,73.93431747277579
04/12/2017,73.89700783252718
05/12/2017,73.86221813678742
06/12/2017,73.83700942834216
07/12/2017,73.86169846216836
08/12/2017,73.85082309881845
11/12/2017,73.82309797128042
12/12/2017,73.80174351056417
13/12/2017,73.77070701122284
14/12/2017,73.74167674859362
15/12/2017,73.72059738477073
18/12/2017,73.72021911462149
19/12/2017,73.71842140515646
20/12/2017,73.71821911017102
21/12/2017,73.6863450606664
22/12/2017,73.69102131366729
26/12/2017,73.68116399129232
27/12/2017,73.6763864660263
28/12/2017,73.67038397630057
29/12/2017,73.66666821797688
02/01/2018,73.65795219103495
03/01/2018,73.69082607905071
04/01/2018,73.73037342866263
05/01/2018,73.76632423400879
08/01/2018,73.82704750061035
09/01/2018,73.87010869503023
10/01/2018,73.91905284722647
11/01/2018,73.96496061960858
12/01/2018,74.11240689277648
16/01/2018,74.24146775404614
17/01/2018,74.44711552143096
18/01/2018,74.70444759845734
19/01/2018,74.95592477003734
22/01/2018,75.21902421792349
23/01/2018,75.4866965119044
24/01/2018,75.71078834692636
25/01/2018,75.91703263759612
26/01/2018,76.18424323399861
29/01/2018,76.42107926209766
30/01/2018,76.6264333073298
31/01/2018,76.82938740094504
01/02/2018,76.99037932395935
02/02/2018,77.10149591445922
05/02/2018,77.11540503501894
06/02/2018,77.21164860884348
07/02/2018,77.27421048482259
08/02/2018,77.25327288309732
09/02/2018,77.27174237887064
12/02/2018,77.3285833756129
13/02/2018,77.41092323780059
14/02/2018,77.51763672828676
15/02/2018,77.64443684895834
16/02/2018,77.74554640928905
20/02/2018,77.85054452260336
21/02/2018,77.92193323771157
22/02/2018,77.99316631952921
23/02/2018,78.14337856769562
26/02/2018,78.31747963905333
27/02/2018,78.43579767386117
28/02/2018,78.5431513118744
01/03/2018,78.55272895177202
02/03/2018,78.58787707964578
05/03/2018,78.66455267270406
06/03/2018,78.74722780863445
07/03/2018,78.82731652418771
08/03/2018,78.94805627346038
09/03/2018,79.12930363337198
12/03/2018,79.2692400566737
13/03/2018,79.41365918159484
14/03/2018,79.58948481241862
15/03/2018,79.75001957734426
16/03/2018,79.94252803484598
19/03/2018,80.15007114887239
20/03/2018,80.47531130154928
21/03/2018,80.73628566741942
22/03/2018,80.9580255158742
23/03/2018,81.18879269917808
26/03/2018,81.48060810089112
27/03/2018,81.64576156298318
28/03/2018,81.7707985273997
29/03/2018,81.8879918416341
02/04/2018,81.87890802383423
03/04/2018,81.90303198019664
04/04/2018,81.95881319204966
05/04/2018,82.02471053441363
06/04/2018,82.02931685924531
09/04/2018,81.98492339769999
10/04/2018,81.96761387189227
11/04/2018,81.97077024618784
12/04/2018,82.02814108848571
13/04/2018,82.09267775535582
16/04/2018,82.15016936461129
17/04/2018,82.2257257827123
18/04/2018,82.25114288330076
19/04/2018,82.20155044078827
20/04/2018,82.12636607487998
23/04/2018,81.98771189053853
24/04/2018,81.79942601203919
25/04/2018,81.62897333780924
26/04/2018,81.50324392000833
27/04/2018,81.36281545321144
30/04/2018,81.17692686716715
01/05/2018,81.05945043722788
02/05/2018,80.89667743523914
03/05/2018,80.75087153593701
04/05/2018,80.72003775278726
07/05/2018,80.78880335013073
08/05/2018,80.76459675312041
09/05/2018,80.85952006340025
10/05/2018,81.02069357236226
11/05/2018,81.12967697143556
14/05/2018,81.31352241357166
15/05/2018,81.44896111329396
16/05/2018,81.55728415966033
17/05/2018,81.66331350485486
18/05/2018,81.81618333180748
21/05/2018,81.97371111392974
22/05/2018,82.07313020865122
23/05/2018,82.19865542888643
24/05/2018,82.28607735792797
25/05/2018,82.39395445187887
29/05/2018,82.4592979923884
30/05/2018,82.49798020839692
31/05/2018,82.5435426012675
01/06/2018,82.68544572989146
04/06/2018,82.87032456239064
05/06/2018,83.08652536710102
06/06/2018,83.3552026494344
07/06/2018,83.57564267158507
08/06/2018,83.76984016259512
11/06/2018,83.98330367724101
12/06/2018,84.23900035063426
13/06/2018,84.46938471476236
14/06/2018,84.7272039937973
15/06/2018,84.95313059647879
18/06/2018,85.14268964767456
19/06/2018,85.30502234141032
20/06/2018,85.45316697915395
21/06/2018,85.54446331342061
22/06/2018,85.57039528210957
25/06/2018,85.53682238578797
26/06/2018,85.51257163365682
27/06/2018,85.45214876492818
28/06/2018,85.39037851810454
29/06/2018,85.35885035673776
02/07/2018,85.36728215694426
03/07/2018,85.3256168826421
05/07/2018,85.30377515951793
06/07/2018,85.29471480846406
09/07/2018,85.3075622034073
10/07/2018,85.33153301239014
11/07/2018,85.34641535600026
12/07/2018,85.39178714593251
13/07/2018,85.45642738819122
16/07/2018,85.46590094089508
17/07/2018,85.47731794834138
18/07/2018,85.48430869579315
19/07/2018,85.46553832213085
20/07/2018,85.48347074826557
23/07/2018,85.49973382631939
24/07/2018,85.48839930852253
25/07/2018,85.49527101516723
26/07/2018,85.51128545443217
27/07/2018,85.47238909085591
30/07/2018,85.38984930992126
31/07/2018,85.33093550364177
01/08/2018,85.29164229710896
02/08/2018,85.2778655719757
03/08/2018,85.29075365384419
06/08/2018,85.34861965974173
07/08/2018,85.48462553660075
08/08/2018,85.61409309069316
09/08/2018,85.78329043547313
10/08/2018,85.89843253453573
13/08/2018,85.99286188761393
14/08/2018,86.08314949035645
15/08/2018,86.16237806638084
16/08/2018,86.21948647816976
17/08/2018,86.2416865603129
20/08/2018,86.24125782012939
21/08/2018,86.25570125261943
22/08/2018,86.3084367465973
23/08/2018,86.31029922803243
24/08/2018,86.34494648297627
27/08/2018,86.41848882675171
28/08/2018,86.47424912452699
29/08/2018,86.53555274009705
30/08/2018,86.59398115158079
31/08/2018,86.66816415150961
04/09/2018,86.74363144874572
05/09/2018,86.79706513086954
06/09/2018,86.7844402631124
07/09/2018,86.73949011166889
10/09/2018,86.7682059621811
11/09/2018,86.86210097948711
12/09/2018,86.92039408524832
13/09/2018,86.99284542560578
14/09/2018,87.0585493628184
17/09/2018,87.07057093143464
18/09/2018,87.09362967332203
19/09/2018,87.08191773573557
20/09/2018,87.10347383658092
21/09/2018,87.13623160044354
24/09/2018,87.21262314637502
25/09/2018,87.28644204934439
26/09/2018,87.33858659744263
27/09/2018,87.4396994415919
28/09/2018,87.53844590028126
01/10/2018,87.638425599734
02/10/2018,87.71823662916819
03/10/2018,87.775881096522
04/10/2018,87.76058285872142
05/10/2018,87.70175293286641
08/10/2018,87.56252153714499
09/10/2018,87.39607875347139
10/10/2018,87.10394626935324
11/10/2018,86.7640499416987
12/10/2018,86.50362898985544
15/10/2018,86.20461190859476
16/10/2018,86.00581716855368
17/10/2018,85.81858139355978
18/10/2018,85.6022824112574
19/10/2018,85.3779382912318
22/10/2018,85.14573554992677
23/10/2018,84.91178715546926
24/10/2018,84.5566711584727
25/10/2018,84.2438561487198
26/10/2018,83.84812983512879
29/10/2018,83.45548411051433
30/10/2018,83.07115960121156
31/10/2018,82.75608536402385
01/11/2018,82.43064335664113
02/11/2018,82.09032181580862
05/11/2018,81.71734680493672
06/11/2018,81.3767254368464
07/11/2018,81.10340500036877
08/11/2018,80.81624273777008
09/11/2018,80.48266659895577
12/11/2018,80.07414353847503
13/11/2018,79.69827986558279
14/11/2018,79.3094658692678
15/11/2018,79.04344518025715
16/11/2018,78.81445787429809
19/11/2018,78.51999683856964
20/11/2018,78.21625774860381
21/11/2018,78.06060727119447
23/11/2018,77.92606060981751
26/11/2018,77.77623189926148
27/11/2018,77.66781510988872
28/11/2018,77.52886056105298
29/11/2018,77.40092689673105
30/11/2018,77.35876549561817
03/12/2018,77.40007576147715
04/12/2018,77.31957962830862
06/12/2018,77.24820048809052
07/12/2018,77.20774731318156
10/12/2018,77.14798058668774
11/12/2018,77.15318560759229
12/12/2018,77.22354419867199
13/12/2018,77.25390601476035
14/12/2018,77.16697670777639
17/12/2018,76.99221687793732
18/12/2018,76.8617608722051
19/12/2018,76.69803694725036
20/12/2018,76.46760888735454
21/12/2018,76.11908105373382
24/12/2018,75.7107648420334
26/12/2018,75.46789537906646
27/12/2018,75.3270205815633
28/12/2018,75.16242131551108
31/12/2018,75.03881330966951
02/01/2019,74.84973246574403
03/01/2019,74.55473054409026
04/01/2019,74.4691030248006
07/01/2019,74.42303588549296
08/01/2019,74.3726660235723
09/01/2019,74.35549449920653
10/01/2019,74.30756773153941
11/01/2019,74.25054709911346
14/01/2019,74.0776116991043
15/01/2019,73.95936834812164
16/01/2019,73.80772760709127
17/01/2019,73.61852964560191
18/01/2019,73.58754772822064
22/01/2019,73.4909846496582
23/01/2019,73.5093539905548
24/01/2019,73.53037340799969
25/01/2019,73.59573551813762
28/01/2019,73.62424296538033
29/01/2019,73.64245532035827
30/01/2019,73.78552487532298
31/01/2019,73.99470715204875
01/02/2019,74.20432236512502
04/02/2019,74.49850398381551
05/02/2019,74.85187847296396
06/02/2019,75.27930408000947
07/02/2019,75.73244543075562
08/02/2019,76.10658615748088
11/02/2019,76.4553448788325
12/02/2019,76.8538042974472
13/02/2019,77.23816283226014
14/02/2019,77.62839218775432
15/02/2019,78.14039019902546
19/02/2019,78.5495773188273
20/02/2019,78.93653414885202
21/02/2019,79.28539161364237
22/02/2019,79.63529293060304
25/02/2019,79.98301530043284
26/02/2019,80.33435194015503
27/02/2019,80.71276627381641
28/02/2019,81.05006255308787
01/03/2019,81.41388656139372
04/03/2019,81.74039376576741
05/03/2019,81.9994240872065
06/03/2019,82.28662255128225
07/03/2019,82.53863822619121
08/03/2019,82.74047647158305
11/03/2019,82.95371398289998
12/03/2019,83.18997421264646
13/03/2019,83.4542300160726
14/03/2019,83.66364006996155
15/03/2019,83.87754115422567
18/03/2019,84.0717733001709
19/03/2019,84.24796655337016
20/03/2019,84.39180301030476
21/03/2019,84.59198186556497
22/03/2019,84.75319054921468
25/03/2019,84.85239213943481
26/03/2019,84.97072381655377
27/03/2019,85.01224668502807
28/03/2019,85.04554078737894
29/03/2019,85.10951128323872
01/04/2019,85.21338501612345
02/04/2019,85.32394904136657
03/04/2019,85.45990801493328
04/04/2019,85.59542678833006
05/04/2019,85.71454894701638
08/04/2019,85.82557007471722
09/04/2019,85.91464904785155
10/04/2019,86.04008602778116
11/04/2019,86.1802919546763
12/04/2019,86.32614439964296
15/04/2019,86.48637512524922
16/04/2019,86.68637297312418
17/04/2019,86.89937106450398
18/04/2019,87.14029177983602
22/04/2019,87.38686987876889
23/04/2019,87.61077315012615
24/04/2019,87.83860161145529
25/04/2019,88.03046229362488
26/04/2019,88.22331216812134
29/04/2019,88.4081492392222
30/04/2019,88.60300403277077
01/05/2019,88.74141304334006
02/05/2019,88.8779763507843
03/05/2019,88.9723851998647
06/05/2019,89.12049450556438
07/05/2019,89.21446572621662
08/05/2019,89.27470095316569
09/05/2019,89.35345595677691
10/05/2019,89.44262142181398
13/05/2019,89.37923345565795
14/05/2019,89.30163061141967
15/05/2019,89.25265590349834
16/05/2019,89.19814808209736
17/05/2019,89.1237856610616
20/05/2019,88.98790791511537
21/05/2019,88.8894799041748
22/05/2019,88.82383877754214
23/05/2019,88.67153626124065
24/05/2019,88.51580244700116
28/05/2019,88.32834391911824
29/05/2019,88.12629630406695
30/05/2019,87.91610837936399
31/05/2019,87.67909168561299
03/06/2019,87.3916022491455
04/06/2019,87.19958586374918
05/06/2019,87.00114019711813
06/06/2019,86.82156504313153
07/06/2019,86.70153414408365
10/06/2019,86.61880860328675
11/06/2019,86.52280241648356
12/06/2019,86.38442317962645
13/06/2019,86.28737580299376
14/06/2019,86.17864035606382
17/06/2019,86.04412554740908
18/06/2019,85.99168958663941
19/06/2019,86.04974809010825
20/06/2019,86.16384408950803
21/06/2019,86.28481949488321
24/06/2019,86.38133581479391
25/06/2019,86.53563462257384
26/06/2019,86.68845111211141
27/06/2019,86.83026582082113
28/06/2019,86.96104781150818
01/07/2019,87.18129942258197
02/07/2019,87.44646228472392
03/07/2019,87.68730172475178
05/07/2019,87.91041386922201
08/07/2019,88.17357264836627
09/07/2019,88.45274848620097
10/07/2019,88.7728814760844
11/07/2019,89.12147073109944
12/07/2019,89.48952541033427
15/07/2019,89.90192684173584
16/07/2019,90.31837172190349
17/07/2019,90.64179010709127
18/07/2019,90.98066219011943
19/07/2019,91.26734166463216
22/07/2019,91.56132153193157
23/07/2019,91.83358187993367
24/07/2019,92.16381821632385
25/07/2019,92.47432151158651
26/07/2019,92.80128395716348
29/07/2019,93.1452426783244
30/07/2019,93.4630956363678
31/07/2019,93.66260051091513
01/08/2019,93.83152008056642
02/08/2019,93.93017608642577
05/08/2019,93.91899507840475
06/08/2019,93.97424391110738
07/08/2019,94.10038643836977
08/08/2019,94.26993313471475
09/08/2019,94.37474412282307
12/08/2019,94.42029910405476
13/08/2019,94.4694322872162
14/08/2019,94.43566636721293
15/08/2019,94.37350388844808
16/08/2019,94.36785324732462
19/08/2019,94.4245210425059
20/08/2019,94.43771492004394
21/08/2019,94.45323660532632
22/08/2019,94.45695127487183
23/08/2019,94.33069993972778
26/08/2019,94.24364195505778
27/08/2019,94.18838288942973
28/08/2019,94.1294068813324
29/08/2019,94.07427213986715
30/08/2019,94.05099513689677
03/09/2019,93.95707989692686
04/09/2019,93.8871129353841
05/09/2019,93.81880786895752
06/09/2019,93.78752260843913
09/09/2019,93.72542549769084
10/09/2019,93.65626450856527
11/09/2019,93.63623586654663
12/09/2019,93.68958864847818
13/09/2019,93.7308928044637
16/09/2019,93.7967173989614
17/09/2019,93.99728686968487
18/09/2019,94.14095184008279
19/09/2019,94.27077394803364
20/09/2019,94.28899018287657
23/09/2019,94.36377896626792
24/09/2019,94.44100023269654
25/09/2019,94.5157699584961
26/09/2019,94.69519841194153
27/09/2019,94.82419377644857
30/09/2019,94.92976830482483
01/10/2019,94.9505931854248
02/10/2019,94.94479625701904
03/10/2019,94.94211178143821
04/10/2019,94.98795716603597
07/10/2019,95.11028219540914
08/10/2019,95.13157306989034
09/10/2019,95.20093919436138
10/10/2019,95.27846572875977
11/10/2019,95.35444317499797
14/10/2019,95.41821513811746
15/10/2019,95.5484061876933
16/10/2019,95.59420019467672
17/10/2019,95.58830195426941
18/10/2019,95.55618612289429
21/10/2019,95.5700155067444
22/10/2019,95.56581504185995
23/10/2019,95.4977983379364
24/10/2019,95.47355747858683
25/10/2019,95.47617149670918
28/10/2019,95.51309619903564
29/10/2019,95.51269128799439
30/10/2019,95.53964304288228
31/10/2019,95.53578355789185
01/11/2019,95.60034480730693
04/11/2019,95.66465231259664
05/11/2019,95.78731594085694
06/11/2019,95.85847616831462
07/11/2019,95.92479398409527
08/11/2019,96.07087333043415
11/11/2019,96.17334005673726
12/11/2019,96.32410572052001
13/11/2019,96.5361734199524
14/11/2019,96.70587624549867
15/11/2019,96.86447000821428
18/11/2019,97.0392575486501
19/11/2019,97.28028798421226
20/11/2019,97.45786223411561
21/11/2019,97.59217647870382
22/11/2019,97.68497944831849
25/11/2019,97.83210432370505
26/11/2019,97.9474398771922
27/11/2019,98.12332692782084
29/11/2019,98.28887224197386
02/12/2019,98.44187786102295
03/12/2019,98.53621666590372
04/12/2019,98.68742936134336
05/12/2019,98.8686003780365
06/12/2019,99.02526018142702
09/12/2019,99.14675825119016
10/12/2019,99.22792839686076
11/12/2019,99.35563441912332
12/12/2019,99.50028591473898
13/12/2019,99.70141497611999
16/12/2019,99.8979491996765
17/12/2019,100.0882095972697
18/12/2019,100.25823046684266
19/12/2019,100.45411145528156
20/12/2019,100.66908624013266
23/12/2019,100.86947389602662
24/12/2019,101.08944239298503
26/12/2019,101.3173730913798
27/12/2019,101.53172602653505
30/12/2019,101.72603820800782
31/12/2019,101.9019720395406
02/01/2020,102.14487651507059
03/01/2020,102.35101972262068
06/01/2020,102.57495120366416
07/01/2020,102.8587572924296
08/01/2020,103.1600553671519
09/01/2020,103.43362736384074
10/01/2020,103.67780672709145
13/01/2020,103.93727430025736
14/01/2020,104.20522467295329
15/01/2020,104.51591107050578
16/01/2020,104.89922902743021
17/01/2020,105.27463328043618
21/01/2020,105.66129034678139
22/01/2020,106.04003410975137
23/01/2020,106.45194063822427
24/01/2020,106.84665734291077
27/01/2020,107.12909112930299
28/01/2020,107.42729191462202
29/01/2020,107.67739433288575
30/01/2020,107.923005027771
31/01/2020,108.10152300834656
03/02/2020,108.34059041023252
04/02/2020,108.65043812433878
05/02/2020,108.939673798879
06/02/2020,109.24306832313539
07/02/2020,109.48938744862873
10/02/2020,109.77327503204344
11/02/2020,110.08390612920122
12/02/2020,110.463237028122
13/02/2020,110.82097308794657
14/02/2020,111.11845485687255
18/02/2020,111.41600559552509
19/02/2020,111.75917884190878
20/02/2020,112.04925143241883
21/02/2020,112.24499980290734
24/02/2020,112.27982366561892
25/02/2020,112.2366482226054
26/02/2020,112.17167319297792
27/02/2020,111.9554117711385
28/02/2020,111.76515933672587
02/03/2020,111.6817465496063
03/03/2020,111.47205876986186
04/03/2020,111.4053357950846
05/03/2020,111.20372687657675
06/03/2020,110.90615150133769
09/03/2020,110.3671873728434
10/03/2020,110.07406173388162
11/03/2020,109.54737517674766
12/03/2020,108.73469083786013
13/03/2020,108.21274987538656
16/03/2020,107.36093578497567
17/03/2020,106.68974979877473
18/03/2020,105.7336540730794
19/03/2020,104.80319375991819
20/03/2020,103.72709942340853
23/03/2020,102.7294974422455
24/03/2020,101.88295776526135
25/03/2020,100.98722466786703
26/03/2020,100.26235385894776
27/03/2020,99.39613174120583
30/03/2020,98.64490837732951
31/03/2020,97.86943346659343
01/04/2020,96.90446866353355
02/04/2020,96.00114900906883
03/04/2020,95.12247902552285
06/04/2020,94.64296507517497
07/04/2020,94.23030637582141
08/04/2020,93.91898931821187
09/04/2020,93.76483282883963
13/04/2020,93.57785496393842
14/04/2020,93.39764644622804
15/04/2020,93.25106562296551
16/04/2020,93.01339496612549
17/04/2020,92.92863446235658
20/04/2020,92.8758493534724
21/04/2020,92.92886457284291
22/04/2020,92.94576634724935
23/04/2020,93.12560683409373
24/04/2020,93.66896263281507
27/04/2020,93.93181719462078
28/04/2020,94.51683017571767
29/04/2020,94.99905887126923
30/04/2020,95.60408988634744
01/05/2020,96.03705100218455
04/05/2020,96.6262290128072
05/05/2020,97.24571320851643
06/05/2020,97.6931823905309
07/05/2020,98.19792672952016
08/05/2020,98.52713396867114
11/05/2020,99.01923098723094
12/05/2020,99.32455706278482
13/05/2020,99.61502023220062
14/05/2020,100.10647886753083
15/05/2020,100.58602062861127
18/05/2020,101.19638754526775
19/05/2020,101.5469508298238
20/05/2020,102.02798715432485
21/05/2020,102.33204962412518
22/05/2020,102.6466292142868
26/05/2020,102.97641454696654
27/05/2020,103.19172015190125
28/05/2020,103.47206875483194
29/05/2020,103.7465441497167
01/06/2020,103.98219037055969
02/06/2020,104.30282315889994
03/06/2020,104.84419491132101
04/06/2020,105.24952771663666
05/06/2020,105.7291818714142
08/06/2020,106.17738095601399
09/06/2020,106.56427316506704
10/06/2020,107.05337590058646
11/06/2020,107.1777362267176
12/06/2020,107.4217604366938
15/06/2020,107.80884653409325
16/06/2020,108.24841892242432
17/06/2020,108.62174462477363
18/06/2020,108.98690375169117
19/06/2020,109.30395788510641
22/06/2020,109.62362360000614
23/06/2020,109.93399833997088
24/06/2020,110.24720060189566
25/06/2020,110.66527293523151
26/06/2020,110.96774621327718
29/06/2020,111.27155903975168
30/06/2020,111.5762653017044
01/07/2020,111.86440101146698
02/07/2020,112.0851957623164
06/07/2020,112.43341064294182
07/07/2020,112.72434502124788
08/07/2020,113.05668184757235
09/07/2020,113.3801189756393
10/07/2020,113.72231115182242
13/07/2020,113.90369479179385
14/07/2020,114.09988255341848
15/07/2020,114.26367906252543
16/07/2020,114.34555095672604
17/07/2020,114.46972890218099
20/07/2020,114.6386051464081
21/07/2020,114.75869532903035
22/07/2020,114.9239431730906
23/07/2020,114.99114099820459
24/07/2020,115.21745241165164
27/07/2020,115.4483972199758
28/07/2020,115.60174727439883
29/07/2020,115.73065972646077
30/07/2020,115.87781556129455
31/07/2020,116.04024417877197
03/08/2020,116.28611510912576
04/08/2020,116.50768795649212
05/08/2020,116.72786026636759
06/08/2020,117.04485010464984
07/08/2020,117.26569295247398
10/08/2020,117.5030558045705
11/08/2020,117.65236773173017
12/08/2020,117.80107639630634
13/08/2020,117.97174483299254
14/08/2020,118.10637662569684
17/08/2020,118.2072601477305
18/08/2020,118.3740522066752
19/08/2020,118.47825956980387
20/08/2020,118.57522512118024
21/08/2020,118.66371589978537
24/08/2020,118.89530422210692
25/08/2020,119.145743932724
26/08/2020,119.47718396822611
27/08/2020,119.77442792574564
28/08/2020,120.08713258107505
31/08/2020,120.28802605628968
01/09/2020,120.57602772076925
02/09/2020,120.91426612854002
03/09/2020,121.114137245814
04/09/2020,121.30233469327291
08/09/2020,121.25867450714108
09/09/2020,121.37251225471496
10/09/2020,121.3649245262146
11/09/2020,121.33543838500975
14/09/2020,121.35344399770099
15/09/2020,121.36397193590798
16/09/2020,121.29577230453489
17/09/2020,121.22032691955567
18/09/2020,121.06970242182413
21/09/2020,120.98233015696209
22/09/2020,121.01310638109842
23/09/2020,121.01288020769752
24/09/2020,120.93093630790713
25/09/2020,120.92355698267616
28/09/2020,120.99069896697998
29/09/2020,121.02833126703896
30/09/2020,121.05366191228231
01/10/2020,121.1568243344625
02/10/2020,121.12079008102417
05/10/2020,121.17537269274396
06/10/2020,121.17089220046996
07/10/2020,121.22727063814798
08/10/2020,121.2318683465322
09/10/2020,121.35824816385907
12/10/2020,121.51753377914432
13/10/2020,121.67571095148726
14/10/2020,121.74315477689109
15/10/2020,121.73521097183227
16/10/2020,121.92225749969484
19/10/2020,122.14394653956094
20/10/2020,122.52746960322061
21/10/2020,122.81786569913227
22/10/2020,123.15173420588175
23/10/2020,123.52208939552307
26/10/2020,123.70841452916461
27/10/2020,123.83066857020057
28/10/2020,123.8592397403717
29/10/2020,123.95752492268878
30/10/2020,124.03023347536725
02/11/2020,124.12891976992285
03/11/2020,124.24130855878192
04/11/2020,124.58590320587157
05/11/2020,125.03011986732486
06/11/2020,125.42960474967956
09/11/2020,125.736537548701
10/11/2020,125.95173635482789
11/11/2020,126.26132234891254
12/11/2020,126.4576102987925
13/11/2020,126.82338294029236
16/11/2020,127.14202712376914
17/11/2020,127.46946509679158
18/11/2020,127.64641015370687
19/11/2020,127.8416173839569
20/11/2020,127.94820102691654
23/11/2020,128.01746118545535
24/11/2020,128.12385268529255
25/11/2020,128.27680353800457
27/11/2020,128.4935181204478
30/11/2020,128.7286281458537
01/12/2020,129.06151441891987
02/12/2020,129.3934247907003
03/12/2020,129.737339776357
04/12/2020,130.1662629508972
07/12/2020,130.61143532752993
08/12/2020,131.1943515110016
09/12/2020,131.7027452596029
10/12/2020,132.3563615481059
11/12/2020,132.93910904248557
14/12/2020,133.6143373743693
15/12/2020,134.30451311747234
16/12/2020,134.93767486890158
17/12/2020,135.44534096717837
18/12/2020,135.85045551935835
21/12/2020,136.16857184727988
22/12/2020,136.53132455825806
23/12/2020,136.9400455188751
24/12/2020,137.279936504364
28/12/2020,137.67435348510745
29/12/2020,137.98514570236208
30/12/2020,138.27888404210407
31/12/2020,138.63079108556113
04/01/2021,138.96531386693317
05/01/2021,139.27981877644854
06/01/2021,139.58845519383743
07/01/2021,139.97683954556783
08/01/2021,140.3586866633097
11/01/2021,140.71413226127623
12/01/2021,141.00122604688008
13/01/2021,141.25711679140727
14/01/2021,141.48554764111833
15/01/2021,141.69413959503171
19/01/2021,141.96221800168354
20/01/2021,142.20221020380654
21/01/2021,142.42951906840005
22/01/2021,142.5705045255025
25/01/2021,142.82252797126768
26/01/2021,143.07441068967188
27/01/2021,143.19724928538005
28/01/2021,143.3616155083974
29/01/2021,143.3821187051137
01/02/2021,143.49789266268414
02/02/2021,143.67262885411583
03/02/2021,143.79318215688068
04/02/2021,144.03345588684084
05/02/2021,144.23944087664285
08/02/2021,144.57868718783058
09/02/2021,144.8651003583272
10/02/2021,145.18737277030942
11/02/2021,145.65831632614135
12/02/2021,146.16074416796366
16/02/2021,146.63580672899883
17/02/2021,147.11924607594807
18/02/2021,147.54439592361453
19/02/2021,148.03012088457743
22/02/2021,148.2601234118144
23/02/2021,148.4591665204366
24/02/2021,148.7891967900594
25/02/2021,148.9288091437022
26/02/2021,149.12665988922117
01/03/2021,149.45778304417928
02/03/2021,149.69902879397074
03/03/2021,149.73845201810198
04/03/2021,149.50243446032206
05/03/2021,149.37398260434463
08/03/2021,149.14985484759012
09/03/2021,149.06186938603722
10/03/2021,148.93971511205038
11/03/2021,149.0735311603546
12/03/2021,149.1051575438182
15/03/2021,149.306680021286
16/03/2021,149.41643732388815
17/03/2021,149.47125782648726
18/03/2021,149.45046261787414
19/03/2021,149.39141509373982
22/03/2021,149.4397681172689
23/03/2021,149.35295433362325
24/03/2021,149.2359915669759
25/03/2021,149.09366943041488
26/03/2021,149.0190055656433
29/03/2021,148.8495900630951
30/03/2021,148.64039459228516
31/03/2021,148.60139215787248
01/04/2021,148.71679768562316
05/04/2021,148.9006543413798
06/04/2021,149.1741551494598
07/04/2021,149.4523512204488
08/04/2021,149.67534503618876
09/04/2021,150.11874819437662
12/04/2021,150.46568026542658
13/04/2021,150.67934511184694
14/04/2021,150.96635530471804
15/04/2021,151.4623512013753
16/04/2021,152.1855465443929
19/04/2021,152.69781401316328
20/04/2021,153.32328894933067
21/04/2021,153.86535923322043
22/04/2021,154.37559965133667
23/04/2021,154.83787906646728
26/04/2021,155.37633088111875
27/04/2021,155.820168244044
28/04/2021,156.15654800097147
29/04/2021,156.45335979461672
30/04/2021,156.79725677808128
03/05/2021,157.09758334477743
04/05/2021,157.2256292629242
05/05/2021,157.39107910792032
06/05/2021,157.6435727659861
07/05/2021,157.9383997186025
10/05/2021,157.8997354602814
11/05/2021,157.90822937329614
12/05/2021,157.7773987261454
13/05/2021,157.60253079096475
14/05/2021,157.41925652186072
17/05/2021,157.09346199671427
18/05/2021,156.7787267812093
19/05/2021,156.49779141108192
20/05/2021,156.26426923116045
21/05/2021,155.9770254643758
24/05/2021,155.83281128565469
25/05/2021,155.68191703796384
26/05/2021,155.58078079223634
27/05/2021,155.40112365722655
28/05/2021,155.23981970469154
01/06/2021,155.12966003417972
02/06/2021,155.06399904568988
03/06/2021,154.8617408657074
04/06/2021,154.8341191228231
07/06/2021,154.74439095815023
08/06/2021,154.6118546072642
09/06/2021,154.5122214794159
10/06/2021,154.56422220865886
11/06/2021,154.67221292177834
14/06/2021,154.92394724845886
15/06/2021,155.13769935925805
16/06/2021,155.38470521926877
17/06/2021,155.68775736490886
18/06/2021,155.88516589800514
21/06/2021,156.08912521680196
22/06/2021,156.46440130551656
23/06/2021,156.8353043460846
24/06/2021,157.42425926844274
25/06/2021,157.96651514053343
28/06/2021,158.44173211733502
29/06/2021,158.99526991208398
30/06/2021,159.58023513793947
01/07/2021,160.1019625759125
02/07/2021,160.55586557706198
06/07/2021,161.05110243797304
07/07/2021,161.46541996637976
08/07/2021,161.82700353304546
09/07/2021,162.2394415060679
12/07/2021,162.65904070218406
13/07/2021,163.07094758351644
14/07/2021,163.5115912437439
15/07/2021,163.8893025525411
16/07/2021,164.2545231437683
19/07/2021,164.4961211490631
20/07/2021,164.81324619611107
21/07/2021,165.2175156784058
22/07/2021,165.62941905339557
23/07/2021,166.00941009839377
26/07/2021,166.34998046875
27/07/2021,166.5588557847341
28/07/2021,166.86176542917886
29/07/2021,167.2207461802165
30/07/2021,167.60017463366188
02/08/2021,168.0392724927266
03/08/2021,168.45764506340024
04/08/2021,168.88099060376484
05/08/2021,169.314332151413
06/08/2021,169.70612110137938
09/08/2021,170.0409907595317
10/08/2021,170.24472898801167
11/08/2021,170.41183477401734
12/08/2021,170.55324435551958
13/08/2021,170.74541928609216
16/08/2021,170.90137928962707
17/08/2021,170.98891079266872
18/08/2021,170.99788983980812
19/08/2021,171.09975739479063
20/08/2021,171.18393734614054
23/08/2021,171.3428126239777
24/08/2021,171.48731322288512
25/08/2021,171.66132522900898
26/08/2021,171.85828267733257
27/08/2021,172.18166376113888
30/08/2021,172.55569837252295
31/08/2021,172.83610965092979
01/09/2021,173.0158279514313
02/09/2021,173.1916408920288
03/09/2021,173.33754327774048
07/09/2021,173.46263853391005
08/09/2021,173.63591243426004
09/09/2021,173.7702427800496
10/09/2021,173.87499931017558
13/09/2021,173.90681527137758
14/09/2021,173.94312980651858
15/09/2021,174.015563325882
16/09/2021,174.0703555965424
17/09/2021,174.04711155255637
20/09/2021,173.89198660532637
21/09/2021,173.78836356798806
22/09/2021,173.79871335665382
23/09/2021,173.8927824020386
24/09/2021,174.0107865174611
27/09/2021,174.0407019042969
28/09/2021,173.86473376592002
29/09/2021,173.7060579522451
30/09/2021,173.60097081502275
01/10/2021,173.48939734458924
04/10/2021,173.23147582054133
05/10/2021,172.95916717529298
06/10/2021,172.71864076932272
07/10/2021,172.5015895430247
08/10/2021,172.30638238271078
11/10/2021,172.02995268185933
12/10/2021,171.7021078046163
13/10/2021,171.43644199689226
14/10/2021,171.32418388048808
15/10/2021,171.2163417720795
18/10/2021,171.13825590769451
19/10/2021,171.15554198265076
20/10/2021,171.20533192952473
21/10/2021,171.27483997980752
22/10/2021,171.3912149143219
25/10/2021,171.53153514544167
26/10/2021,171.64349132537842
27/10/2021,171.6457764307658
28/10/2021,171.70083604812623
29/10/2021,171.8824101734162
01/11/2021,172.19059054692585
02/11/2021,172.54242500305173
03/11/2021,172.91587476094566
04/11/2021,173.27222474098204
05/11/2021,173.64461691856383
08/11/2021,174.12370597839356
09/11/2021,174.80242181460062
10/11/2021,175.38156796773274
11/11/2021,176.03835912386577
12/11/2021,176.7208788776398
15/11/2021,177.50554483731585
16/11/2021,178.30081370989478
17/11/2021,179.03643129030866
18/11/2021,179.74955524762473
19/11/2021,180.50294263521832
22/11/2021,181.20345866203306
23/11/2021,181.87534433046977
24/11/2021,182.5247914028168
26/11/2021,182.88850936253868
29/11/2021,183.43913696606955
30/11/2021,183.8473264948527
01/12/2021,184.12781606038413
02/12/2021,184.44072006225588
03/12/2021,184.5743510564168
06/12/2021,184.7254940446218
07/12/2021,185.0709628677368
08/12/2021,185.46734579086302
09/12/2021,185.7790649922689
10/12/2021,186.13190676371255
13/12/2021,186.35487607638044
14/12/2021,186.4388400363922
15/12/2021,186.61788340250652
16/12/2021,186.49424804687501
17/12/2021,186.25930466016135
20/12/2021,185.94528983116152
21/12/2021,185.76752310434978
22/12/2021,185.63995816548663
23/12/2021,185.69344816843665
27/12/2021,185.83401489575706
28/12/2021,185.85304486910502
29/12/2021,185.9044098154704
30/12/2021,185.848671391805
31/12/2021,185.8203081957499
03/01/2022,185.7755181058248
04/01/2022,185.63728469848633
05/01/2022,185.35233633677166
06/01/2022,185.12740142186482
07/01/2022,184.7681513849894
10/01/2022,184.60871985753377
11/01/2022,184.3312647755941
12/01/2022,184.19322647730513
13/01/2022,183.9632499694824
14/01/2022,183.79063325881955
18/01/2022,183.5747233200073
19/01/2022,183.2227349917094
20/01/2022,182.54482162475585
21/01/2022,181.7656984202067
24/01/2022,181.20803676605223
25/01/2022,180.36793170928956
26/01/2022,179.62214837392168
27/01/2022,178.8906300163269
28/01/2022,178.15606820424398
31/01/2022,177.83967479070026
01/02/2022,177.58319143295287
02/02/2022,177.46528970718384
03/02/2022,176.9879046885173
04/02/2022,176.4847796567281
07/02/2022,175.9129380607605
08/02/2022,175.26051977157596
09/02/2022,174.81090983072914
10/02/2022,174.15461314519249
11/02/2022,173.3284398523966
14/02/2022,172.48937315622968
15/02/2022,171.8026832135519
16/02/2022,171.15962827682495
17/02/2022,170.50737831115723
18/02/2022,169.76262498855593
22/02/2022,169.0735465812683
23/02/2022,168.2070632680257
24/02/2022,167.47839166005454
25/02/2022,166.7688384183248
28/02/2022,166.1825017038981
01/03/2022,165.396626701355
02/03/2022,164.92927832285562
03/03/2022,164.48104166030888
04/03/2022,164.05604330698648
07/03/2022,163.5266699918111
08/03/2022,162.8915284538269
09/03/2022,162.6195584233602
10/03/2022,162.21850844065347
11/03/2022,161.82665683746333
14/03/2022,161.20295023600264
15/03/2022,160.5621502304077
16/03/2022,160.0877703030904
17/03/2022,159.58437860488897
18/03/2022,159.363425210317
21/03/2022,159.0971569188436
22/03/2022,158.92712184906003
23/03/2022,158.51453846613566
24/03/2022,158.09088518778483
25/03/2022,157.84196018854774
28/03/2022,157.88738012949622
29/03/2022,158.0884267616272
30/03/2022,158.03230012893675
31/03/2022,157.90404012680057
01/04/2022,157.96714681625366
04/04/2022,158.1868735059102
05/04/2022,158.30887680689494
06/04/2022,158.47342341105144
07/04/2022,158.48086669921872
08/04/2022,158.3275733566284
11/04/2022,158.07719174702962
12/04/2022,157.8973134104411
13/04/2022,157.66977834065753
14/04/2022,157.38436995188397
18/04/2022,157.21333161671956
19/04/2022,157.34265488942467
20/04/2022,157.4930514017741
21/04/2022,157.35686810175577
22/04/2022,157.1976447168986
25/04/2022,157.22693310419717
26/04/2022,157.15020315806072
27/04/2022,156.91169653574622
28/04/2022,156.73056321461996
29/04/2022,156.33891993204753
02/05/2022,155.93111668904623
03/05/2022,155.55833827336627
04/05/2022,155.28339830398556
05/05/2022,154.97278667449953
06/05/2022,154.44448830286663
09/05/2022,153.75959334055582
10/05/2022,153.0546117083231
11/05/2022,152.08434006373085
12/05/2022,151.2348850504557
13/05/2022,150.662853418986
16/05/2022,150.06627342859906
17/05/2022,149.55502676645915
18/05/2022,148.97606687545775
19/05/2022,148.47302689870202
20/05/2022,147.90534025192264
23/05/2022,147.50635018666586
24/05/2022,147.15546847661335
25/05/2022,146.89908182779948
26/05/2022,146.7017319170634
27/05/2022,146.80609196345011
31/05/2022,146.82103863398234
01/06/2022,146.67592198053995
02/06/2022,146.66751369476316
03/06/2022,146.65419205347695
06/06/2022,146.7583804130554
07/06/2022,146.8296503639221
08/06/2022,147.0133186721802
09/06/2022,147.07206364949545
10/06/2022,146.68976691563927
13/06/2022,146.24593693733215
14/06/2022,145.7231452592214
15/06/2022,145.2624703057607
16/06/2022,144.45690025965374
17/06/2022,143.8961735884348
21/06/2022,143.49979186058042
22/06/2022,143.2601551659902
23/06/2022,143.00101515134176
24/06/2022,143.05509682019556
27/06/2022,143.05512356122333
28/06/2022,142.73344692548113
29/06/2022,142.44972692807514
30/06/2022,141.9774235534668
01/07/2022,141.65678183555605
05/07/2022,141.38413848241171
06/07/2022,141.13673343976342
07/07/2022,140.9413468996684
08/07/2022,140.8240052159627
11/07/2022,140.5828268845876
12/07/2022,140.14117019017536
13/07/2022,139.51380181948343
14/07/2022,139.0032334963481
15/07/2022,138.6377234776815
18/07/2022,138.0844335301717
19/07/2022,137.7807434272766
20/07/2022,137.58423334121704
21/07/2022,137.4054316711426
22/07/2022,137.23125825246177
25/07/2022,137.14820821126304
26/07/2022,137.19731157938637
27/07/2022,137.6722581768036
28/07/2022,138.2735865688324
29/07/2022,138.8643148771922
01/08/2022,139.6368982632955
02/08/2022,140.35361322720848
03/08/2022,141.10572157224018
04/08/2022,141.90084159533183
05/08/2022,142.6531565952301
08/08/2022,143.183798271815
09/08/2022,143.60736655235291
10/08/2022,144.3063815021515
11/08/2022,145.0059331734975
12/08/2022,145.83973991394038
15/08/2022,146.7593498833974
16/08/2022,147.61171487808227
17/08/2022,148.35414329210914
18/08/2022,149.01108819961547
19/08/2022,149.55716649373372
22/08/2022,150.02370982805888
23/08/2022,150.5502098464966
24/08/2022,151.08365988731384
25/08/2022,151.66915489196776
26/08/2022,151.93193492253621
29/08/2022,152.1696482817332
30/08/2022,152.21155506769816
31/08/2022,152.12179017702738
01/09/2022,151.93967514355975
02/09/2022,151.78202859878542
06/09/2022,151.62736362139384
07/09/2022,151.63805862744647
08/09/2022,151.51567531903586
09/09/2022,151.34578193664547
12/09/2022,151.13936356226606
13/09/2022,150.67114353179934
14/09/2022,150.24709517796833
15/09/2022,149.5138701788584
16/09/2022,148.72491519292197
19/09/2022,147.93534021059673
20/09/2022,147.13845014890038
21/09/2022,146.4095417435964
22/09/2022,145.4668383661906
23/09/2022,144.4907549730937
26/09/2022,143.36837995847065
27/09/2022,142.2317150147756
28/09/2022,141.18709669113156
29/09/2022,140.1512949752808
30/09/2022,139.015253311793
03/10/2022,138.12238505363467
04/10/2022,137.51802843729655
05/10/2022,136.95173501650493
06/10/2022,136.36323330561322
07/10/2022,135.49720831235248
10/10/2022,134.7618433030446
11/10/2022,133.998544960022
12/10/2022,133.26082821528118
13/10/2022,132.6479781627655
14/10/2022,131.9204631773631
17/10/2022,131.33001479148862
18/10/2022,130.8224815527598
19/10/2022,130.22752816200256
20/10/2022,129.5993631966909
21/10/2022,128.99896485964456
24/10/2022,128.4336583137512
25/10/2022,128.20700495084125
26/10/2022,127.90724503517151
27/10/2022,127.74197333971658
28/10/2022,127.72716831207276
31/10/2022,127.65066160837812
01/11/2022,127.6065465768178
02/11/2022,127.48610836029054
03/11/2022,127.37759005864461
04/11/2022,127.4390033912659
07/11/2022,127.62852503776551
08/11/2022,127.85183501561482
09/11/2022,127.93168328920999
10/11/2022,128.39592658996585
11/11/2022,129.03079653739928
14/11/2022,129.49736649831138
15/11/2022,129.89458475112912
16/11/2022,130.172713171641
17/11/2022,130.46870646476745
18/11/2022,130.9337164402008
21/11/2022,131.45963806788126
22/11/2022,132.17314967155457
23/11/2022,132.94750304857888
25/11/2022,133.6046096865336
28/11/2022,134.31893970489506
29/11/2022,134.9244446404775
30/11/2022,135.6941145515442
01/12/2022,136.45275794029232
02/12/2022,137.14324128150938
05/12/2022,137.63345966657002
06/12/2022,137.98213127772016
07/12/2022,138.23656793276467
08/12/2022,138.62441788355508
09/12/2022,139.03184958140054
12/12/2022,139.39758459409077
13/12/2022,139.8795112895966
14/12/2022,140.3451996898651
15/12/2022,140.759506298701
16/12/2022,141.21565634091695
19/12/2022,141.51714801470442
20/12/2022,141.75406304041542
21/12/2022,142.0243646812439
22/12/2022,142.2431597105662
23/12/2022,142.16304477373757
27/12/2022,141.94516819000245
28/12/2022,141.69818489710488
29/12/2022,141.49067986488342
30/12/2022,141.356983127594
